bundle name,bundle alias,chart option,file name,tags,category,bundle_chart_thumb,bundle+chart images
Life Is Better With A Dog,life-is-better-with-a-dog,dog,A01_10010_dog,"animal,dog,decor,painting,artistic,pug,cartoon,illustration",dog,images/bundle/gallery/A01_bundle_chart_thumb_762.jpg,images/bundle/gallery/A01_wall_dog_room_02W_sq_762.jpg|images/bundle/gallery/A01_dog_sizes_decor_n_chart_combo2_01_762.jpg|images/bundle/gallery/A0B_405_2_762.jpg|images/bundle/gallery/A01_dog_02b_framed_762.jpg|images/bundle/gallery/A01_dog_02c_framed_762.jpg|images/bundle/gallery/A01_dog_03_framed_762.jpg|images/bundle/gallery/A0B_dog_chart_thinW_V_A2_59.4_x_42p2_762.jpg|images/bundle/gallery/A0B_dog_chart_thinW_V_A2_59.4_x_42_p1_762.jpg|images/bundle/gallery/A01_dog_04_framed_762.jpg|images/bundle/gallery/A01_dog_05_framed_762.jpg|images/bundle/gallery/A01_dog_07_framed_762.jpg|images/bundle/gallery/A01_V_30_30_762.jpg|images/bundle/gallery/A01_wall_dog_room_01_sq2_762.jpg
,,,A01_10020_dog,,,,
,,,A01_10030_dog,,,,
,,,A01_10040_dog,,,,
,,,A01_10050_dog,,,,
,,,A01_10060_dog,,,,
,,,A01_10070_dog,,,,
Life Is Better With Cats,life-is-better-with-cats,cat,A02_10080_cat,"animal,cat,decor,photo,artistic,side,head",cat,images/bundle/gallery/A02_bundle_charrt_thumb_762.jpg,images/bundle/gallery/A02_cat_room1_sq_sh_267552128_762.jpg|images/bundle/gallery/A02_cat_sizes_decor_n_chart_combo1_762.jpg|images/bundle/gallery/A0A_1251_762.jpg|images/bundle/gallery/A02_cat_09_thin_V_A2_59.4x42_762.jpg|images/bundle/gallery/A02_cat_01_thin_H_A3_29_7_42_762.jpg|images/bundle/gallery/A02_cat_02_thin_H_A3_29_7_42_762.jpg|images/bundle/gallery/A0A_cat_chart_thinW_V_A2_59_1_762.jpg|images/bundle/gallery/A0A_cat_chart_thinW_V_A2_59_2_762.jpg|images/bundle/gallery/A02_cat_03_A3_thin_V_30_80_762.jpg|images/bundle/gallery/A02_cat_04_thin_V_A4_29_7_21_762.jpg|images/bundle/gallery/A02_cat_05_thin_V_A3_29_7_42_762.jpg|images/bundle/gallery/A02_cat_06_thin_V_A4_29_7_21_762.jpg|images/bundle/gallery/A02_cat_07_thin_H_A2_59_4_42_762.jpg|images/bundle/gallery/A02_cat_08_thin_V_30_40_762.jpg|images/bundle/gallery/A02_cat_room2_sq_1031082511_762.jpg
,,,A02_10090_cat,,,,
,,,A02_10100_cat,,,,
,,,A02_10110_cat,,,,
,,,A02_10120_cat,,,,
,,,A02_10130_cat,,,,
,,,A02_10140_cat,,,,
,,,A02_10150_cat,,,,
,,,A02_10160_cat,,,,
"Blue Flowers, Desire, Love and Inspiration",blue-flowers-desire-love-and-inspiration,dog,A03_10170_abst_fl_blue,"abstract,flower,painting,blossom,artistic,blue,abstract",flower,images/bundle/gallery/A03_bundle_chart_thumb_762.jpg,images/bundle/gallery/A03_1025_room_1_2_762.jpg|images/bundle/gallery/A03_abs_flower_sizes_decor_n_chart_combo2_dog_762.jpg|images/bundle/gallery/A0B_405_2_762.jpg|images/bundle/gallery/A03_abs_flo_01_thin_V_A2_59_4_42_762.jpg|images/bundle/gallery/A03_abs_flo_04_A1c_fancy_V_30_80_762.jpg|images/bundle/gallery/A03_abs_flo_05_fancy_V_30_30_762.jpg|images/bundle/gallery/A0B_dog_chart_thinW_V_A2_59.4_x_42p2_762.jpg|images/bundle/gallery/A0B_dog_chart_thinW_V_A2_59.4_x_42_p1_762.jpg|images/bundle/gallery/A03_abs_flo_02_thin_V_A2_59_4_42_762.jpg|images/bundle/gallery/A03_abs_flo_03_thin_V_A2_59_4_42_762.jpg|images/bundle/gallery/A03_abs_flo_06_A4_thin_V_A4_29_7_21_762.jpg|images/bundle/gallery/A03_abs_flo_07_A4_thin_V_A4_29_7_21_762.jpg|images/bundle/gallery/A03_abs_flo_08_A3H_thin_H_A3_29_7_42_762.jpg|images/bundle/gallery/A03_1028_room_1a_762.jpg
,,,A03_10180_abst_fl_blue,,,,
,,,A03_10190_abst_fl_blue,,,,
,,,A03_10200_abst_fl_blue,,,,
,,,A03_10210_abst_fl_blue,,,,
,,,A03_10220_abst_fl_blue,,,,
,,,A03_10230_abst_fl_blue,,,,
,,,A03_10240_abst_fl_blue,,,,
"Golden Flowers, Gold is Gold",golden-flowers-gold-is-gold,cat,A04_10250_abst_fl_gold,"abstract,flower,painting,blossom,artistic,gold,white,abstract",flower,images/bundle/gallery/A04_bundle_chart_thumb_762.jpg,images/bundle/gallery/A04_1083_room_1_2_762.jpg|images/bundle/gallery/A04_abs_gold_sizes_decor_n_chart_combo1_cat_762.jpg|images/bundle/gallery/A0A_1251_762.jpg|images/bundle/gallery/A04_abs_flo_01_thin_V_A2_59_4_42_762.jpg|images/bundle/gallery/A04_thin_V_30_30_762.jpg|images/bundle/gallery/A04_thin_V_30_40_762.jpg|images/bundle/gallery/A0A_cat_chart_thinW_V_A2_59_1_762.jpg|images/bundle/gallery/A0A_cat_chart_thinW_V_A2_59_2_762.jpg|images/bundle/gallery/A04_1124_room_1a_762.jpg|images/bundle/gallery/A04_1126_room_1_762.jpg|images/bundle/gallery/A04_abs_flo_02_thin_V_A2_59_4_42_762.jpg|images/bundle/gallery/A04_abs_flo_03_thin_V_A2_59_4_42_762.jpg|images/bundle/gallery/A04_abs_flo_08_thin_V_30_40_762.jpg|images/bundle/gallery/A04_thin_H_30_60_762.jpg|images/bundle/gallery/A04_thin_V_30_60_762.jpg
,,,A04_10260_abst_fl_gold,,,,
,,,A04_10270_abst_fl_gold,,,,
,,,A04_10280_abst_fl_gold,,,,
,,,A04_10290_abst_fl_gold,,,,
,,,A04_10300_abst_fl_gold,,,,
,,,A04_10310_abst_fl_gold,,,,
,,,A04_10320_abst_fl_gold,,,,
"Blue and Tranquility, Clouds and Haze and Water",blue-and-tranquility-clouds-and-haze-and-water,dog,A05_10330_abst_deep,"abstract,blue,sky,cloud,lightning,haze,night",blue,images/bundle/gallery/A05_bundle_chart_thumb_762.jpg,images/bundle/gallery/A05_1054_room_1a_762.jpg|images/bundle/gallery/A05_abs_deep_sizes_decor_n_chart_combo2_dog_762.jpg|images/bundle/gallery/A0B_425_762.jpg|images/bundle/gallery/A05_abs_blue_01_thin_V_A2_59_4_42_762.jpg|images/bundle/gallery/A05_abs_blue_02_thin_V_A2_59_4_42_762.jpg|images/bundle/gallery/A05_abs_blue_03_thin_V_A3_29_7_42_762.jpg|images/bundle/gallery/A0B_dog_chart_thinW_V_A2_59.4_x_42p2_762.jpg|images/bundle/gallery/A0B_dog_chart_thinW_V_A2_59.4_x_42_p1_762.jpg|images/bundle/gallery/A05_abs_blue_04_thin_V_A3_29_7_42_762.jpg|images/bundle/gallery/A05_abs_blue_05_thin_V_A3_29_7_42_762.jpg|images/bundle/gallery/A05_abs_blue_06_thin_V_A3_29_7_42_762.jpg|images/bundle/gallery/A05_abs_blue_07_thin_H_A4_29_7_21_762.jpg|images/bundle/gallery/A05_sq_1058_room_1_762.jpg|images/bundle/gallery/A05_sq_interior_4192596_762.jpg
,,,A05_10340_abst_deep,,,,
,,,A05_10350_abst_deep,,,,
,,,A05_10360_abst_deep,,,,
,,,A05_10370_abst_deep,,,,
,,,A05_10380_abst_deep,,,,
,,,A05_10390_abst_deep,,,,
Antique Maps Of The World and Europe,antique-maps-of-the-world-and-europe,cat,A06_10400_map_world_eu1,"world map,historical,1570,antique,vintage,world,map,brown",historical,images/bundle/gallery/A06_bundle_chart_thumb_762.jpg,images/bundle/gallery/A06_1160_room_1a_762.jpg|images/bundle/gallery/A06_map_sizes_decor_n_chart_combo2_dog_762.jpg|images/bundle/gallery/A0B_425_762.jpg|images/bundle/gallery/A06_map1_01_narrow_H_A2_59_4_42_762.jpg|images/bundle/gallery/A06_map1_02_narrow_H_A2_59_4_42_762.jpg|images/bundle/gallery/A06_map1_03_narrow_V_40_80_762.jpg|images/bundle/gallery/A0B_dog_chart_thinW_V_A2_59.4_x_42p2_762.jpg|images/bundle/gallery/A0B_dog_chart_thinW_V_A2_59.4_x_42_p1_762.jpg|images/bundle/gallery/A06_map1_04_narrow_V_40_80_762.jpg|images/bundle/gallery/A06_map1_05_narrow_H_A3_29_7_42_762.jpg|images/bundle/gallery/A06_map1_06_narrow_H_A3_29_7_42_762.jpg|images/bundle/gallery/A06_map1_07_narrow_H_A4_29_7_21_762.jpg|images/bundle/gallery/A06_map1_08_narrow_H_A4_29_7_21_762.jpg|images/bundle/gallery/A06_sq_671972677_762.jpg|images/bundle/gallery/A06_sq_754931710_762.jpg
,,,A06_10410_map_world_eu1,,,,
,,,A06_10420_map_world_eu1,,,,
,,,A06_10430_map_world_eu1,,,,
,,,A06_10440_map_world_eu1,,,,
,,,A06_10450_map_world_eu1,,,,
,,,A06_10460_map_world_eu1,,,,
,,,A06_10470_map_world_eu1,,,,
"Vincent Van Gogh, Impressium",vincent-van-gogh-impressium,cat,A07_10480_impr_gogh,"painting,impressionism,1889,abstract,painting,Vincent Van Gogh,blue,wavy,The Starry Night",impressionism,images/bundle/gallery/A07_bundle_chart_thumb_762.jpg,images/bundle/gallery/A07_sq_interior_3575819_762.jpg|images/bundle/gallery/A07_gogh_sizes_decor_n_chart_combo2_cat_762.jpg|images/bundle/gallery/A0A_1251_762.jpg|images/bundle/gallery/A07_gogh1_01_thin_H_60_84_762.jpg|images/bundle/gallery/A07_gogh1_02_thin_H_A2_59_4_42_762.jpg|images/bundle/gallery/A07_gogh1_5_2_thin_V_40_40_762.jpg|images/bundle/gallery/A0A_cat_chart_thinW_V_A2_59_1_762.jpg|images/bundle/gallery/A0A_cat_chart_thinW_V_A2_59_2_762.jpg|images/bundle/gallery/A07_gogh1_03_thin_H_A2_59_4_42_762.jpg|images/bundle/gallery/A07_gogh1_04_thin_H_A2_59_4_42_762.jpg|images/bundle/gallery/A07_gogh1_6_thin_V_A4_29_7_21_762.jpg|images/bundle/gallery/A07_gogh1_7_thin_V_30_30_762.jpg|images/bundle/gallery/A07_sq_1107_room_1_762.jpg|images/bundle/gallery/A07_sq_Pngtree_3d_contemporary_living_room_interior_4293757_762.jpg
,,,A07_10490_impr_gogh,,,,
,,,A07_10500_impr_gogh,,,,
,,,A07_10510_impr_gogh,,,,
,,,A07_10520_impr_gogh,,,,
,,,A07_10530_impr_gogh,,,,
,,,A07_10540_impr_gogh,,,,
Educational Charts,educational-charts,dog,A08_10550_Ed_ABC,"painting,watercolor,educational,children,Ant,Bear,Chipmunk,Dolphine,Elephant,Fox,Giraffe,Hamster,Ibis,Jaguar,Kangaroo,Lion,Mouse,Numbat,Otter,Panda,Quokka,Unau,Viper,Walrus,Xianglong,Yak,Zebra,Crow,Seagull,Chick,Ostrich",watercolor,images/bundle/gallery/A08_bundle_chart_thumb_762.jpg,images/bundle/gallery/A08_503_762.jpg|images/bundle/gallery/A08_edu_bonus_cat_w_762.jpg|images/bundle/gallery/A0A_1251_762.jpg|images/bundle/gallery/A08_edu_01_A2_59_4_42_762.jpg|images/bundle/gallery/A08_edu_03_A2_59_4_42_762.jpg|images/bundle/gallery/A08_edu_07_A2_59_4_42_762.jpg|images/bundle/gallery/A0A_cat_chart_thinW_V_A2_59_1_762.jpg|images/bundle/gallery/A0A_cat_chart_thinW_V_A2_59_2_762.jpg|images/bundle/gallery/A08_821_762.jpg|images/bundle/gallery/A08_1039_room_1a_762.jpg|images/bundle/gallery/A08_edu_02_A2_59_4_42_762.jpg|images/bundle/gallery/A08_edu_04_A2_59_4_42_762.jpg|images/bundle/gallery/A08_edu_05_A2_59_4_42_762.jpg|images/bundle/gallery/A08_edu_06_A2_59_4_42_762.jpg
,,,A08_10560_Ed_123,,,,
,,,A08_10570_Ed_dino,,,,
,,,A08_10580_Ed_veggie,,,,
,,,A08_10590_Ed_farm,,,,
,,,A08_10600_Ed_animal,,,,
,,,A08_10610_Ed_body,,,,
,,,A08_10620_Ed_ht_chart,,,,