type,name,alias,chart sku,file name,tags,category,cat1,cat2,category alias to replace,bundle_chart_thumb,bundle+chart images,1:1 gallery
chart,Popular Cat Bleeds,popular-cat-bleeds,A0A_10630,images/bundle/A0A_10630_Ed_cat_277.jpg,"animal,animal,cat,cat,educational,bleed,photo,learning,audio,Terriers,Airedale Terrier,American Staffordshire 
Terrier,Wire Fox Terrier,Boston Terrier,Russell Terrier,Skye Terrier,American Pit Bull Terrier,West Highland White Terrier,Yorkshire Terrier,Silky Terrier,Cairn Terrier,Manchester Terrier,Jack Russell Terrier,English Greyhound,Greyhound,Smooth-haired Dachshund,Long-haired Dachshund,Wire-haired Dachshund,Afghan Hound,Beagle,Basset Hound,Sporting,American Cocker Spanieil,Golden Retriever,Vizsla,Weimaraner,Labrador Retriever,Herding,Pembroke Welsh Corgi,Shetland Sheepdog,Dogi (Welsh Corgi x Dachshund),Pyrenean Shepherd,Bouvier des Flandres,Australian Shepherd,German Shepherd,Border Collie,educational,bleed,photo,learning,audio,Toy Dogs,Pomeranian,Pug,Chihuahua Rough Coat,Chihuahua Smooth Coat,Papillon,Chinese Crested,Working Dogs,Bull Terrier,French Bulldog,Siberian Husky,Alaskan Malamute,Great Dane,Giant Schnauzer,Bullmastiff,Bernese Mountain Dog,English Mastiff,Dogue de Bordeaux,Boxer,Samoyed,Saint Bernard,Bull Terrier x Boxer,German Pinscher,Miniature Pinscher,French Bulldog x,Chinese Crested,Rottweiler,Non-sporting,Chow Chow,Miniature Poodle,Standard Poodle,Shiba Inu,Shar Pei,Dalmatian",cat,animal,cat,,,,
,,,A0A_10640,images/bundle/A0A_10640_Ed_cat_277.jpg,,,animal,cat,,,,
chart,Popular Dog Bleeds,popular-dog-bleeds,A0B_10610,images/bundle/A0B_10610_Ed_dog_277.jpg,"animal,animal,dog,dog,educational,bleed,painting,learning,audio,Popular Cat Breeds,American Curl Cat,American Bobtail Cat,Aegean Cat,American Shorthair Cat,American Wirehair Cat,Aphrodite Giant Cat,Abyssinian Cat,Exotic Cat,Arabian Mau Cat,Australian Mist Cat,British Shorthair Cat,Birman Cat,Bombay Cat,Burmese Cat,British Fold Kitten,Bengal Cat,Tonkinese Cat,California Spangled Cat,British Longhair Cat,Chartreux Cat,Snowshoe Cat,Colorpoint Shorthair Cat,Chausie Cat,Cornish Rex Cat,Cymric Cat,educational,bleed,painting,learning,audio,Don Sphynx Cat,Egyptian Mau,Manx Cat,Cyprus Mountain Cat,Oriental Bicolor,Siamese Cat,Maine Coon White Cat,Maine Coon Black Cat,Lykoi Cat,Maine Coon Kitten,Minskin Cat,Devon Rex Kitten,British Fold Marble Cat,Norwegian Forest,Sphynx,Siberian Cat,Ragdoll Cat,Persian White Cat,Korean Bobtail Cat,York Chocolate Cat,LaPerm Cat,Highlander Cat,Ragamuffin,Kurilian Bobtail Cat,Ukrainian Levkoy Cat",dog,animal,dog,,,,
,,,A0B_10620,images/bundle/A0B_10620_Ed_dog_277.jpg,,,animal,dog,,,,
bundle,Life Is Better With A Dog,life-is-better-with-a-dog,A0B_10610,images/bundle/A01_10010_dog_277.jpg,"animal,animal,animal,animal,animal,animal,animal,dog,dog,dog,dog,dog,dog,dog,decor,painting,artistic,pug,cartoon,illustration,decor,painting,artistic,pug,cartoon,hat,illustration,decor,photo,artistic,terrier,decor,photo,artistic,sled,decor,painting,artistic,hat,cartoon,bow tie,illustration,decor,photo,artistic,labrador,decor,photo,artistic,puppy,labrador,terrier",dog,animal,dog,,images/bundle/gallery/A01_bundle_chart_thumb_762.jpg,images/bundle/gallery/A01_wall_dog_room_02W_sq_762.jpg|images/bundle/gallery/A01_dog_sizes_decor_n_chart_combo2_01_762.jpg|images/bundle/gallery/A0B_405_2_762.jpg|images/bundle/gallery/A01_dog_02b_framed_762.jpg|images/bundle/gallery/A01_dog_02c_framed_762.jpg|images/bundle/gallery/A01_dog_03_framed_762.jpg|images/bundle/gallery/A0B_dog_chart_thinW_V_A2_59.4_x_42p2_762.jpg|images/bundle/gallery/A0B_dog_chart_thinW_V_A2_59.4_x_42_p1_762.jpg|images/bundle/gallery/A01_dog_04_framed_762.jpg|images/bundle/gallery/A01_dog_05_framed_762.jpg|images/bundle/gallery/A01_dog_07_framed_762.jpg|images/bundle/gallery/A01_V_30_30_762.jpg|images/bundle/gallery/A01_wall_dog_room_01_sq2_762.jpg,A01_dog_02b_framed
,,,,images/bundle/A01_10020_dog_277.jpg,,,animal,dog,,,,A01_dog_02c_framed
,,,,images/bundle/A01_10030_dog_277.jpg,,,animal,dog,,,,A01_dog_03_framed
,,,,images/bundle/A01_10040_dog_277.jpg,,,animal,dog,,,,A01_dog_04_framed
,,,,images/bundle/A01_10050_dog_277.jpg,,,animal,dog,,,,A01_V_30_30
,,,,images/bundle/A01_10060_dog_277.jpg,,,animal,dog,,,,A01_dog_05_framed
,,,,images/bundle/A01_10070_dog_277.jpg,,,animal,dog,,,,A01_dog_07_framed
bundle,Life Is Better With Cats,life-is-better-with-cats,A0A_10630,images/bundle/A02_10080_cat_277.jpg,"animal,animal,animal,animal,animal,animal,animal,animal,animal,cat,cat,cat,cat,cat,cat,cat,cat,cat,decor,photo,artistic,side,head,decor,illustration,artistic,glasses,painting,decor,photo,artistic,front,facing,decor,photo,artistic,selfie,decor,illustration,artistic,front,painting,decor,photo,artistic,front,decor,photo,artistic,front,decor,illustration,artistic,line art,decor,illustration,line art,gold",cat,animal,cat,,images/bundle/gallery/A02_bundle_charrt_thumb_762.jpg,images/bundle/gallery/A02_cat_room1_sq_sh_267552128_762.jpg|images/bundle/gallery/A02_cat_sizes_decor_n_chart_combo1_762.jpg|images/bundle/gallery/A0A_1251_762.jpg|images/bundle/gallery/A02_cat_09_thin_V_A2_59.4x42_762.jpg|images/bundle/gallery/A02_cat_01_thin_H_A3_29_7_42_762.jpg|images/bundle/gallery/A02_cat_02_thin_H_A3_29_7_42_762.jpg|images/bundle/gallery/A0A_cat_chart_thinW_V_A2_59_1_762.jpg|images/bundle/gallery/A0A_cat_chart_thinW_V_A2_59_2_762.jpg|images/bundle/gallery/A02_cat_03_A3_thin_V_30_80_762.jpg|images/bundle/gallery/A02_cat_04_thin_V_A4_29_7_21_762.jpg|images/bundle/gallery/A02_cat_05_thin_V_A3_29_7_42_762.jpg|images/bundle/gallery/A02_cat_06_thin_V_A4_29_7_21_762.jpg|images/bundle/gallery/A02_cat_07_thin_H_A2_59_4_42_762.jpg|images/bundle/gallery/A02_cat_08_thin_V_30_40_762.jpg|images/bundle/gallery/A02_cat_room2_sq_1031082511_762.jpg,A02_cat_05_thin_V_A3_29_7_42
,,,,images/bundle/A02_10090_cat_277.jpg,,,animal,cat,,,,A02_cat_09_thin_V_A2_59.4x42
,,,,images/bundle/A02_10100_cat_277.jpg,,,animal,cat,,,,A02_cat_01_thin_H_A3_29_7_42
,,,,images/bundle/A02_10110_cat_277.jpg,,,animal,cat,,,,A02_cat_07_thin_H_A2_59_4_42
,,,,images/bundle/A02_10120_cat_277.jpg,,,animal,cat,,,,A02_cat_10_thin_V_A2_59.4x42
,,,,images/bundle/A02_10130_cat_277.jpg,,,animal,cat,,,,A02_cat_04_thin_V_A4_29_7_21
,,,,images/bundle/A02_10140_cat_277.jpg,,,animal,cat,,,,A02_cat_02_thin_H_A3_29_7_42
,,,,images/bundle/A02_10150_cat_277.jpg,,,animal,cat,,,,A02_cat_03_A3_thin_V_30_80
,,,,images/bundle/A02_10160_cat_277.jpg,,,animal,cat,,,,A02_cat_08_thin_V_30_40
bundle,"Blue Flowers, Desire, Love and Inspiration",blue-flowers-desire-love-and-inspiration,A0B_10610,images/bundle/A03_10170_abst_fl_blue_277.jpg,"abstract,abstract,abstract,abstract,abstract,abstract,abstract,abstract,flower,flower,flower,water,water,material,sea,sea,painting,blossom,artistic,blue,abstract,painting,blossom,artistic,blue,abstract,painting,blossom,artistic,blue,abstract,painting,boat,artistic,sea,abstract,blue,lake,creature,photo,artistic,jellyfish,abstract,blue,sea,steel,panel,artistic,stripe,abstract,blue,tunnel,lake,photo,artistic,wood branch,abstract,tree,blue,purple,water,bubbles,artistic,painting,abstract,illustration,blue,cloud",flower,abstract,flower,,images/bundle/gallery/A03_bundle_chart_thumb_762.jpg,images/bundle/gallery/A03_1025_room_1_2_762.jpg|images/bundle/gallery/A03_abs_flower_sizes_decor_n_chart_combo2_dog_762.jpg|images/bundle/gallery/A0B_405_2_762.jpg|images/bundle/gallery/A03_abs_flo_01_thin_V_A2_59_4_42_762.jpg|images/bundle/gallery/A03_abs_flo_04_A1c_fancy_V_30_80_762.jpg|images/bundle/gallery/A03_abs_flo_05_fancy_V_30_30_762.jpg|images/bundle/gallery/A0B_dog_chart_thinW_V_A2_59.4_x_42p2_762.jpg|images/bundle/gallery/A0B_dog_chart_thinW_V_A2_59.4_x_42_p1_762.jpg|images/bundle/gallery/A03_abs_flo_02_thin_V_A2_59_4_42_762.jpg|images/bundle/gallery/A03_abs_flo_03_thin_V_A2_59_4_42_762.jpg|images/bundle/gallery/A03_abs_flo_06_A4_thin_V_A4_29_7_21_762.jpg|images/bundle/gallery/A03_abs_flo_07_A4_thin_V_A4_29_7_21_762.jpg|images/bundle/gallery/A03_abs_flo_08_A3H_thin_H_A3_29_7_42_762.jpg|images/bundle/gallery/A03_1028_room_1a_762.jpg,A03_abs_flo_01_thin_V_A2_59_4_42
,,,,images/bundle/A03_10180_abst_fl_blue_277.jpg,,,abstract,flower,,,,A03_abs_flo_02_thin_V_A2_59_4_42
,,,,images/bundle/A03_10190_abst_fl_blue_277.jpg,,,abstract,flower,,,,A03_abs_flo_03_thin_V_A2_59_4_42
,,,,images/bundle/A03_10200_abst_fl_blue_277.jpg,,,abstract,water,,,,A03_abs_flo_04_A1c_fancy_V_30_80
,,,,images/bundle/A03_10210_abst_fl_blue_277.jpg,,,abstract,water,,,,A03_abs_flo_05_fancy_V_30_30
,,,,images/bundle/A03_10220_abst_fl_blue_277.jpg,,,abstract,material,,,,A03_abs_flo_06_A4_thin_V_A4_29_7_21
,,,,images/bundle/A03_10230_abst_fl_blue_277.jpg,,,abstract,sea,,,,A03_abs_flo_07_A4_thin_V_A4_29_7_21
,,,,images/bundle/A03_10240_abst_fl_blue_277.jpg,,,abstract,sea,,,,A03_abs_flo_08_A3H_thin_H_A3_29_7_42
bundle,"Golden Flowers, Gold is Gold",golden-flowers-gold-is-gold,A0A_10630,images/bundle/A04_10250_abst_fl_gold_277.jpg,"abstract,abstract,abstract,abstract,abstract,abstract,abstract,abstract,flower,flower,flower,material,plant,building,flower,motivational,painting,blossom,artistic,gold,white,abstract,painting,blossom,artistic,gold,white,abstract,painting,blossom,artistic,gold,white,abstract,sparks,welding,artistic,gold,line art,steel,illustration,wire,artistic,gold,metallic,apple,fruit,wall,brick,photo,painting,white,illustration,artistic,line art,gold,flower,dancing,gold,illustration,abstract,quote,quote",flower,abstract,flower,,images/bundle/gallery/A04_bundle_chart_thumb_762.jpg,images/bundle/gallery/A04_1083_room_1_2_762.jpg|images/bundle/gallery/A04_abs_gold_sizes_decor_n_chart_combo1_cat_762.jpg|images/bundle/gallery/A0A_1251_762.jpg|images/bundle/gallery/A04_abs_flo_01_thin_V_A2_59_4_42_762.jpg|images/bundle/gallery/A04_thin_V_30_30_762.jpg|images/bundle/gallery/A04_thin_V_30_40_762.jpg|images/bundle/gallery/A0A_cat_chart_thinW_V_A2_59_1_762.jpg|images/bundle/gallery/A0A_cat_chart_thinW_V_A2_59_2_762.jpg|images/bundle/gallery/A04_1124_room_1a_762.jpg|images/bundle/gallery/A04_1126_room_1_762.jpg|images/bundle/gallery/A04_abs_flo_02_thin_V_A2_59_4_42_762.jpg|images/bundle/gallery/A04_abs_flo_03_thin_V_A2_59_4_42_762.jpg|images/bundle/gallery/A04_abs_flo_08_thin_V_30_40_762.jpg|images/bundle/gallery/A04_thin_H_30_60_762.jpg|images/bundle/gallery/A04_thin_V_30_60_762.jpg,A04_abs_flo_01_thin_V_A2_59_4_42
,,,,images/bundle/A04_10260_abst_fl_gold_277.jpg,,,abstract,flower,,,,A04_abs_flo_02_thin_V_A2_59_4_42
,,,,images/bundle/A04_10270_abst_fl_gold_277.jpg,,,abstract,flower,,,,A04_abs_flo_03_thin_V_A2_59_4_42
,,,,images/bundle/A04_10280_abst_fl_gold_277.jpg,,,abstract,material,,,,A04_thin_H_30_60
,,,,images/bundle/A04_10290_abst_fl_gold_277.jpg,,,abstract,plant,,,,A04_thin_V_30_30
,,,,images/bundle/A04_10300_abst_fl_gold_277.jpg,,,abstract,building,,,,A04_abs_flo_08_thin_V_30_40
,,,,images/bundle/A04_10310_abst_fl_gold_277.jpg,,,abstract,flower,,,,A04_thin_V_30_40
,,,,images/bundle/A04_10320_abst_fl_gold_277.jpg,,,abstract,motivational,,,,A04_thin_V_30_60
bundle,"Blue and Tranquility, Clouds and Haze and Water",blue-and-tranquility-clouds-and-haze-and-water,A0B_10610,images/bundle/A05_10330_abst_deep_277.jpg,"abstract,abstract,abstract,abstract,abstract,abstract,abstract,nature,house,water,graphical,material,plant,motivational,sky,cloud,lightning,haze,night,blue,blue,lake,water,hut,step path,photo,pier,bungalow,lake,white,fishing net,circle,metallic,pattern,black white,symmetrical,bar,water,rain,wet,blue,iron,steel,leaf vein,black white,line art,vein,leaf,stone,bridge,stone path,water,black white,meditation,zen",nature,abstract,nature,,images/bundle/gallery/A05_bundle_chart_thumb_762.jpg,images/bundle/gallery/A05_1054_room_1a_762.jpg|images/bundle/gallery/A05_abs_deep_sizes_decor_n_chart_combo2_dog_762.jpg|images/bundle/gallery/A0B_425_762.jpg|images/bundle/gallery/A05_abs_blue_01_thin_V_A2_59_4_42_762.jpg|images/bundle/gallery/A05_abs_blue_02_thin_V_A2_59_4_42_762.jpg|images/bundle/gallery/A05_abs_blue_03_thin_V_A3_29_7_42_762.jpg|images/bundle/gallery/A0B_dog_chart_thinW_V_A2_59.4_x_42p2_762.jpg|images/bundle/gallery/A0B_dog_chart_thinW_V_A2_59.4_x_42_p1_762.jpg|images/bundle/gallery/A05_abs_blue_04_thin_V_A3_29_7_42_762.jpg|images/bundle/gallery/A05_abs_blue_05_thin_V_A3_29_7_42_762.jpg|images/bundle/gallery/A05_abs_blue_06_thin_V_A3_29_7_42_762.jpg|images/bundle/gallery/A05_abs_blue_07_thin_H_A4_29_7_21_762.jpg|images/bundle/gallery/A05_sq_1058_room_1_762.jpg|images/bundle/gallery/A05_sq_interior_4192596_762.jpg,A05_abs_blue_01_thin_V_A2_59_4_42
,,,,images/bundle/A05_10340_abst_deep_277.jpg,,,abstract,house,,,,A05_abs_blue_02_thin_V_A2_59_4_42
,,,,images/bundle/A05_10350_abst_deep_277.jpg,,,abstract,water,,,,A05_abs_blue_03_thin_V_A3_29_7_42
,,,,images/bundle/A05_10360_abst_deep_277.jpg,,,abstract,graphical,,,,A05_abs_blue_04_thin_V_A3_29_7_42
,,,,images/bundle/A05_10370_abst_deep_277.jpg,,,abstract,material,,,,A05_abs_blue_05_thin_V_A3_29_7_42
,,,,images/bundle/A05_10380_abst_deep_277.jpg,,,abstract,plant,,,,A05_abs_blue_06_thin_V_A3_29_7_42
,,,,images/bundle/A05_10390_abst_deep_277.jpg,,,abstract,motivational,,,,A05_abs_blue_07_thin_H_A4_29_7_21
bundle,Antique Maps Of The World and Europe,antique-maps-of-the-world-and-europe,A0A_10630,images/bundle/A06_10400_map_world_eu1_277.jpg,"map,map,abstract,abstract,map,map,map,map,historical,historical,castle,castle,historical,historical,historical,historical,1570,antique,vintage,world,map,brown,1752,antique,vintage,world,map,brown,painting,artistic,europe,church,blue,painting,artistic,europe,church,blue,1717,antique,vintage,brown,world,1740,antique,vintage,brown,world,1839,antique,vintage,brown,europe,1827,antique,vintage,brown,europe",historical,map,historical,,images/bundle/gallery/A06_bundle_chart_thumb_762.jpg,images/bundle/gallery/A06_1160_room_1a_762.jpg|images/bundle/gallery/A06_map_sizes_decor_n_chart_combo2_dog_762.jpg|images/bundle/gallery/A0B_425_762.jpg|images/bundle/gallery/A06_map1_01_narrow_H_A2_59_4_42_762.jpg|images/bundle/gallery/A06_map1_02_narrow_H_A2_59_4_42_762.jpg|images/bundle/gallery/A06_map1_03_narrow_V_40_80_762.jpg|images/bundle/gallery/A0B_dog_chart_thinW_V_A2_59.4_x_42p2_762.jpg|images/bundle/gallery/A0B_dog_chart_thinW_V_A2_59.4_x_42_p1_762.jpg|images/bundle/gallery/A06_map1_04_narrow_V_40_80_762.jpg|images/bundle/gallery/A06_map1_05_narrow_H_A3_29_7_42_762.jpg|images/bundle/gallery/A06_map1_06_narrow_H_A3_29_7_42_762.jpg|images/bundle/gallery/A06_map1_07_narrow_H_A4_29_7_21_762.jpg|images/bundle/gallery/A06_map1_08_narrow_H_A4_29_7_21_762.jpg|images/bundle/gallery/A06_sq_671972677_762.jpg|images/bundle/gallery/A06_sq_754931710_762.jpg,A06_map1_01_narrow_H_A2_59_4_42
,,,,images/bundle/A06_10410_map_world_eu1_277.jpg,,,map,historical,,,,A06_map1_02_narrow_H_A2_59_4_42
,,,,images/bundle/A06_10420_map_world_eu1_277.jpg,,,abstract,castle,,,,A06_map1_03_narrow_V_40_80
,,,,images/bundle/A06_10430_map_world_eu1_277.jpg,,,abstract,castle,,,,A06_map1_04_narrow_V_40_80
,,,,images/bundle/A06_10440_map_world_eu1_277.jpg,,,map,historical,,,,A06_map1_05_narrow_H_A3_29_7_42
,,,,images/bundle/A06_10450_map_world_eu1_277.jpg,,,map,historical,,,,A06_map1_06_narrow_H_A3_29_7_42
,,,,images/bundle/A06_10460_map_world_eu1_277.jpg,,,map,historical,,,,A06_map1_07_narrow_H_A4_29_7_21
,,,,images/bundle/A06_10470_map_world_eu1_277.jpg,,,map,historical,,,,A06_map1_08_narrow_H_A4_29_7_21
bundle,"Vincent Van Gogh, Impressium",vincent-van-gogh-impressium,A0A_10630,images/bundle/A07_10480_impr_gogh_277.jpg,"painting,painting,painting,painting,painting,painting,abstract,impressionism,impressionism,impressionism,impressionism,impressionism,impressionism,Sublimation,1889,abstract,painting,Vincent Van Gogh,blue,wavy,The Starry Night,1883,abstract,painting,Vincent Van Gogh,field,countryside,Flower Beds in Holland,1887,abstract,painting,Vincent Van Gogh,bridge,Fishing in Spring,Angler und Boote an der Pont de Clichy,1887,abstract,painting,Vincent Van Gogh,lady,garden,Square Saint-Pierre, Paris,1888,abstract,painting,Vincent Van Gogh,shoes,1887,abstract,painting,Vincent Van Gogh,Self-Portrait with a Straw Hat,cat,kitty,painting,Vincent Van Gogh,not van gogh work",impressionism,painting,impressionism,,images/bundle/gallery/A07_bundle_chart_thumb_762.jpg,images/bundle/gallery/A07_sq_interior_3575819_762.jpg|images/bundle/gallery/A07_gogh_sizes_decor_n_chart_combo2_cat_762.jpg|images/bundle/gallery/A0A_1251_762.jpg|images/bundle/gallery/A07_gogh1_01_thin_H_60_84_762.jpg|images/bundle/gallery/A07_gogh1_02_thin_H_A2_59_4_42_762.jpg|images/bundle/gallery/A07_gogh1_5_2_thin_V_40_40_762.jpg|images/bundle/gallery/A0A_cat_chart_thinW_V_A2_59_1_762.jpg|images/bundle/gallery/A0A_cat_chart_thinW_V_A2_59_2_762.jpg|images/bundle/gallery/A07_gogh1_03_thin_H_A2_59_4_42_762.jpg|images/bundle/gallery/A07_gogh1_04_thin_H_A2_59_4_42_762.jpg|images/bundle/gallery/A07_gogh1_6_thin_V_A4_29_7_21_762.jpg|images/bundle/gallery/A07_gogh1_7_thin_V_30_30_762.jpg|images/bundle/gallery/A07_sq_1107_room_1_762.jpg|images/bundle/gallery/A07_sq_Pngtree_3d_contemporary_living_room_interior_4293757_762.jpg,A07_gogh1_01_thin_H_60_84
,,,,images/bundle/A07_10490_impr_gogh_277.jpg,,,painting,impressionism,,,,A07_gogh1_02_thin_H_A2_59_4_42
,,,,images/bundle/A07_10500_impr_gogh_277.jpg,,,painting,impressionism,,,,A07_gogh1_03_thin_H_A2_59_4_42
,,,,images/bundle/A07_10510_impr_gogh_277.jpg,,,painting,impressionism,,,,A07_gogh1_04_thin_H_A2_59_4_42
,,,,images/bundle/A07_10520_impr_gogh_277.jpg,,,painting,impressionism,,,,A07_gogh1_5_2_thin_V_40_40
,,,,images/bundle/A07_10530_impr_gogh_277.jpg,,,painting,impressionism,,,,A07_gogh1_6_thin_V_A4_29_7_21
,,,,images/bundle/A07_10540_impr_gogh_277.jpg,,,abstract,Sublimation,,,,A07_gogh1_7_thin_V_30_30
bundle,Educational Charts,educational-charts,A0B_10610,images/bundle/A08_10550_Ed_ABC_277.jpg,"educational,educational,educational,educational,educational,educational,educational,educational,painting,painting,painting,painting,painting,painting,illustration,illustration,children,Ant,Bear,Chipmunk,Dolphine,Elephant,Fox,Giraffe,Hamster,Ibis,Jaguar,Kangaroo,Lion,Mouse,Numbat,Otter,Panda,Quokka,Robin,Viper,Walrus,Xianglong,Yak,Zebra,Crow,Seagull,Chick,Ostrich,watercolor,children,One,Two,Three,Four,Five,Six,Seven,Eight,Nine,Ten,number,watercolor,children,Dinosaur,Apatosaurus,Barosaurus,Ceratosaurus,Falcarius,Dreadnoughtus,Guanlong,Harpymimus,Einiosaurus,Ichthyovenator,Juravenator,Kentrosaurus,Leptoceratops,Maiasaura,Nyctosaurus,Olorotitan,Pteranodon longiceps,Rhamphorhynchus,Vulcanodon,Wuerhosaurus,Xianglong,Yinlong,Zalmoxes,Unaysaurus,watercolor,children,vegetable,fruit,veggie,Fruits & Vegetables,Asparagus,Beetroot,Carrot,Blackberry,Eggplant,Fennel,Garlic,Hazelnut,Iceberg Lettuce,Jalape√±o,Kale,Lemon,Mango,Nectarine,Radish,Strawberry,Tomato,Uglifruit,Plum,Watermelon,Yellow Plum,Yam,Zucchini,watercolor,children,farm animal,On the Farm,Sheep,Quail,Blue Peacock,Goat,Pig,Cow,Horse,Cat,Dog,Donkey,Squirrel,Goose,Duck,Turkey,Ostrich,Rabbit,Chicken,Frog,watercolor,children,wild animal,Wild Animals,Rhinoceros,Elephant,Deer,Anteater,Racoon,Hippopotamus,Antelope,Wildbeest,Cheetah,Jaguar,Hedgehog,Gorilla,Monkey,Warthog,Wolf,Skunk,African Wild Dog,Zebra,Giraffe,Meerkat,Echidna,Leopard,watercolor,body,My Body,Eyebrow,Head,Tooth,Ear,Hair,Chin,Eye,Shoulder,Nose,Lip,Back,Elbow,Mouth,Arm,Tongue,Knee,Buttocks,Chest,Finger,Hand,Leg,Toe,children,height,space,plane,cartoon",painting,educational,painting,educational/educational-painting,images/bundle/gallery/A08_bundle_chart_thumb_762.jpg,images/bundle/gallery/A08_503_762.jpg|images/bundle/gallery/A08_edu_bonus_cat_w_762.jpg|images/bundle/gallery/A0A_1251_762.jpg|images/bundle/gallery/A08_edu_01_A2_59_4_42_762.jpg|images/bundle/gallery/A08_edu_03_A2_59_4_42_762.jpg|images/bundle/gallery/A08_edu_07_A2_59_4_42_762.jpg|images/bundle/gallery/A0A_cat_chart_thinW_V_A2_59_1_762.jpg|images/bundle/gallery/A0A_cat_chart_thinW_V_A2_59_2_762.jpg|images/bundle/gallery/A08_821_762.jpg|images/bundle/gallery/A08_1039_room_1a_762.jpg|images/bundle/gallery/A08_edu_02_A2_59_4_42_762.jpg|images/bundle/gallery/A08_edu_04_A2_59_4_42_762.jpg|images/bundle/gallery/A08_edu_05_A2_59_4_42_762.jpg|images/bundle/gallery/A08_edu_06_A2_59_4_42_762.jpg,A08_edu_01_A2_59_4_42
,,,,images/bundle/A08_10560_Ed_123_277.jpg,,,educational,painting,educational/educational-painting,,,A08_edu_02_A2_59_4_42
,,,,images/bundle/A08_10570_Ed_dino_277.jpg,,,educational,painting,educational/educational-painting,,,A08_edu_03_A2_59_4_42
,,,,images/bundle/A08_10580_Ed_veggie_277.jpg,,,educational,painting,educational/educational-painting,,,A08_edu_04_A2_59_4_42
,,,,images/bundle/A08_10590_Ed_farm_277.jpg,,,educational,painting,educational/educational-painting,,,A08_edu_05_A2_59_4_42
,,,,images/bundle/A08_10600_Ed_animal_277.jpg,,,educational,painting,educational/educational-painting,,,A08_edu_06_A2_59_4_42
,,,,images/bundle/A08_10610_Ed_body_277.jpg,,,educational,illustration,,,,A08_edu_07_A2_59_4_42
,,,,images/bundle/A08_10620_Ed_ht_chart_277.jpg,,,educational,illustration,,,,"no framed file, use same print file"