,,,,revised,,abc,dogtime,petguide,,,koinuno,,,Audio,,Handbook,
code,sku,eng,jap,,wiki,eng1,eng2,eng3,eng5,Jwiki,jap1,jap2,jap3,eng,jap,,
poster-001,,,グループで人気の犬種,,, , , , , , , , ,,,page,order
poster-002,,Popular Dog Breeds in Groups,,,, , , , , , , , ,,,,
poster-003,,TERRIER GROUP,テリア グループ,,, , , , , , ,https://www.dogfan.jp/zukan/terrier/Group/index.html, ,,,,
poster-003,,TERRIER,テリア,,,,,,,,,https://www.dogfan.jp/zukan/terrier/Group/index.html, ,,,,
poster-004,P12003,Airedale Terrier,エアデール テリア,,https://en.wikipedia.org/wiki/Airedale_Terrier,https://www.akc.org/dog-breeds/airedale-terrier/,https://dogtime.com/dog-breeds/airedale-terrier#/slide/1, , ,https://ja.wikipedia.org/wiki/%E3%82%A8%E3%82%A2%E3%83%87%E3%83%BC%E3%83%AB%E3%83%BB%E3%83%86%E3%83%AA%E3%82%A2,https://www.koinuno-heya.com/syurui/agyou/airedale-terrier.html, , ,,,2,1
poster-005,P12003,Bull Terrier,ブル テリア,,https://en.wikipedia.org/wiki/Bull_Terrier,https://www.akc.org/dog-breeds/bull-terrier/,https://dogtime.com/dog-breeds/bull-terrier, , ,https://ja.wikipedia.org/wiki/%E3%83%96%E3%83%AB%E3%83%BB%E3%83%86%E3%83%AA%E3%82%A2,https://www.koinuno-heya.com/syurui/hagyou/bull-terrier.html, , ,,,2,6
poster-006,P12003,American Staffordshire Terrier,アメリカンスタッフォードシャーテリア,,https://en.wikipedia.org/wiki/American_Staffordshire_Terrier,https://www.akc.org/dog-breeds/staffordshire-bull-terrier/,https://dogtime.com/dog-breeds/american-staffordshire-terrier, , ,https://ja.wikipedia.org/wiki/%E3%82%A2%E3%83%A1%E3%83%AA%E3%82%AB%E3%83%B3%E3%83%BB%E3%82%B9%E3%82%BF%E3%83%83%E3%83%95%E3%82%A9%E3%83%BC%E3%83%89%E3%82%B7%E3%83%A3%E3%83%BC%E3%83%BB%E3%83%86%E3%83%AA%E3%82%A2,https://www.koinuno-heya.com/syurui/agyou/american-staffordshire-terrier.html, , ,,,2,2
poster-007,P12003,Australian Terrier,オーストラリアン テリア,,https://en.wikipedia.org/wiki/Australian_Terrier,https://www.akc.org/dog-breeds/australian-terrier/,https://dogtime.com/dog-breeds/australian-terrier, , ,https://ja.wikipedia.org/wiki/%E3%82%AA%E3%83%BC%E3%82%B9%E3%83%88%E3%83%A9%E3%83%AA%E3%82%A2%E3%83%B3%E3%83%BB%E3%83%86%E3%83%AA%E3%82%A2,https://www.koinuno-heya.com/syurui/agyou/australian-terrier.html, , ,,,2,3
poster-008,P12003,Bedlington Terrier,"ベドリントンテリア",,https://en.wikipedia.org/wiki/Bedlington_Terrier,https://www.akc.org/dog-breeds/bedlington-terrier/,https://dogtime.com/dog-breeds/bedlington-terrier, , ,https://ja.wikipedia.org/wiki/%E3%83%99%E3%83%89%E3%83%AA%E3%83%B3%E3%83%88%E3%83%B3%E3%83%BB%E3%83%86%E3%83%AA%E3%82%A2,https://www.koinuno-heya.com/syurui/hagyou/bedlington-terrier.html, , ,,,2,4
poster-009,P12003,Border Terrier,"ボーダー テリア",,https://en.wikipedia.org/wiki/Border_Terrier,https://www.akc.org/dog-breeds/border-terrier/,https://dogtime.com/dog-breeds/border-terrier, , ,https://ja.wikipedia.org/wiki/%E3%83%9C%E3%83%BC%E3%83%80%E3%83%BC%E3%83%BB%E3%83%86%E3%83%AA%E3%82%A2,https://www.koinuno-heya.com/syurui/hagyou/border-terrier.html, , ,,,2,5
poster-010,P12003,Rat Terrier,"ラットテリア",,https://en.wikipedia.org/wiki/Rat_Terrier,https://www.akc.org/dog-breeds/rat-terrier/,https://dogtime.com/dog-breeds/rat-terrier, , , ,https://www.koinuno-heya.com/syurui/yarawagyou/rat-terrier.html, , ,,,2,7
poster-011,P12003,Cairn Terrier,"ケアーン テリア",,https://en.wikipedia.org/wiki/Cairn_Terrier,https://www.akc.org/dog-breeds/cairn-terrier/,https://dogtime.com/dog-breeds/cairn-terrier#/slide/1, , , ,https://www.koinuno-heya.com/syurui/kagyou/cairn-terrier.html, , ,,,2,9
poster-012,P12003,Wire Fox Terrier,"ワイアー フォックス テリア",,https://en.wikipedia.org/wiki/Wire_Fox_Terrier,https://www.akc.org/dog-breeds/wire-fox-terrier/,https://dogtime.com/dog-breeds/fox-terrier, , ,https://ja.wikipedia.org/wiki/%E3%83%AF%E3%82%A4%E3%82%A2%E3%83%BC%E3%83%BB%E3%83%95%E3%82%A9%E3%83%83%E3%82%AF%E3%82%B9%E3%83%BB%E3%83%86%E3%83%AA%E3%82%A2,https://www.koinuno-heya.com/syurui/yarawagyou/wire-foxterrier.html, , ,,,2,8
poster-013,P12003,Smooth Fox Terrier,"スムース フォックス テリア ",,https://en.wikipedia.org/wiki/Smooth_Fox_Terrier,https://www.akc.org/dog-breeds/smooth-fox-terrier/,https://dogtime.com/dog-breeds/fox-terrier, , ,https://ja.wikipedia.org/wiki/%E3%82%B9%E3%83%A0%E3%83%BC%E3%82%B9%E3%83%BB%E3%83%95%E3%82%A9%E3%83%83%E3%82%AF%E3%82%B9%E3%83%BB%E3%83%86%E3%83%AA%E3%82%A2,https://www.koinuno-heya.com/syurui/sagyou/smooth-foxterrier.html, , ,,,3,4
poster-014,P12003,Brazilian Terrier,ブラジリアンテリア,,https://en.wikipedia.org/wiki/Brazilian_Terrier, , ,https://www.petguide.com/breeds/dog/brazilian-terrier/,https://www.dogbreedinfo.com/brazilianterier.htm, ,https://www.koinuno-heya.com/syurui/hagyou/brazilian-terrier.html, , ,,,3,5
poster-015,P12003,Japanese Terrier,日本テリア,,https://en.wikipedia.org/wiki/Japanese_Terrier,https://brit-petfood.com/en/breed-catalog/terriers/japanese-terrier, , , , ,https://www.koinuno-heya.com/syurui/nagyou/japanese-terrier.html,https://wagwalking.com/breed/japanese-terrier, ,,,3,6
poster-016,P12003,Irish Terrier,アイリッシュ テリア,,https://en.wikipedia.org/wiki/Irish_Terrier,https://www.akc.org/dog-breeds/irish-terrier/,https://dogtime.com/dog-breeds/irish-terrier, , ,https://ja.wikipedia.org/wiki/%E3%82%A2%E3%82%A4%E3%83%AA%E3%83%83%E3%82%B7%E3%83%A5%E3%83%BB%E3%83%86%E3%83%AA%E3%82%A2,https://www.koinuno-heya.com/syurui/agyou/irish-terrier.html, , ,,,3,1
poster-017,P12003,Kerry Blue Terrierr,ケリー ブルー テリア,,https://en.wikipedia.org/wiki/Kerry_Blue_Terrier,https://www.akc.org/dog-breeds/kerry-blue-terrier/,https://dogtime.com/dog-breeds/kerry-blue-terrier, , ,https://ja.wikipedia.org/wiki/%E3%82%B1%E3%83%AA%E3%83%BC%E3%83%BB%E3%83%96%E3%83%AB%E3%83%BC%E3%83%BB%E3%83%86%E3%83%AA%E3%82%A2,https://www.koinuno-heya.com/syurui/kagyou/kerry-blue-terrier.html, , ,,,3,2
poster-018,P12003,Lakeland Terrier,レイクランドテリア,,https://en.wikipedia.org/wiki/Lakeland_Terrier,https://www.akc.org/dog-breeds/lakeland-terrier/,https://dogtime.com/dog-breeds/lakeland-terrier, , , ,https://www.koinuno-heya.com/syurui/yarawagyou/lakeland-terrier.html, , ,,,3,3
poster-019,P12003,Manchester Terrier,マンチェスター テリア,,https://en.wikipedia.org/wiki/Manchester_Terrier,https://www.akc.org/dog-breeds/manchester-terrier-standard/,https://dogtime.com/dog-breeds/manchester-terrier, , ,https://ja.wikipedia.org/wiki/%E3%83%9E%E3%83%B3%E3%83%81%E3%82%A7%E3%82%B9%E3%82%BF%E3%83%BC%E3%83%BB%E3%83%86%E3%83%AA%E3%82%A2,https://www.koinuno-heya.com/syurui/magyou/manchester-terrier.html, , ,,,3,7
poster-020,P12003,Miniature Bull Terrier,ミニチュア ブル テリア,,https://en.wikipedia.org/wiki/Miniature_Bull_Terrier,https://www.akc.org/dog-breeds/miniature-bull-terrier/,https://dogtime.com/dog-breeds/bull-terrier, , , , ,https://www.min-inuzukan.com/miniature-bull-terrier.html, ,,,2,11
poster-021,P12003,Miniature Schnauzer,ミニチュア シュナウザー,,https://en.wikipedia.org/wiki/Miniature_Schnauzer,https://www.akc.org/dog-breeds/miniature-schnauzer/,https://dogtime.com/dog-breeds/miniature-schnauzer#/slide/1, , ,https://ja.wikipedia.org/wiki/%E3%83%9F%E3%83%8B%E3%83%81%E3%83%A5%E3%82%A2%E3%83%BB%E3%82%B7%E3%83%A5%E3%83%8A%E3%82%A6%E3%82%B6%E3%83%BC,https://www.koinuno-heya.com/syurui/magyou/miniature-schnauzer.html, , ,,,2,12
poster-022,P12003,Norfolk Terrier,ノーフォーク テリア,,https://en.wikipedia.org/wiki/Norfolk_Terrier,https://www.akc.org/dog-breeds/norfolk-terrier/,https://dogtime.com/dog-breeds/norfolk-terrier#/slide/1, , ,https://ja.wikipedia.org/wiki/%E3%83%8E%E3%83%BC%E3%83%95%E3%82%A9%E3%83%BC%E3%82%AF%E3%83%BB%E3%83%86%E3%83%AA%E3%82%A2,https://www.koinuno-heya.com/syurui/nagyou/norfolk-terrier.html, , ,,,2,13
poster-023,P12003,Norwich Terrier,ノーリッチ テリア,,https://en.wikipedia.org/wiki/Norwich_Terrier,https://www.akc.org/dog-breeds/norwich-terrier/,https://dogtime.com/dog-breeds/norwich-terrier, , ,https://ja.wikipedia.org/wiki/%E3%83%8E%E3%83%BC%E3%83%AA%E3%83%83%E3%83%81%E3%83%BB%E3%83%86%E3%83%AA%E3%82%A2,https://www.koinuno-heya.com/syurui/nagyou/norwich-terrier.html, , ,,,2,10
poster-024,P12003,Parson Russell Terrier,ジャックラッセル テリア,,https://en.wikipedia.org/wiki/Parson_Russell_Terrier,https://www.akc.org/dog-breeds/parson-russell-terrier/,https://dogtime.com/dog-breeds/jack-russell-terrier#/slide/1, , ,https://ja.wikipedia.org/wiki/%E3%83%91%E3%83%BC%E3%82%BD%E3%83%B3%E3%83%BB%E3%83%A9%E3%83%83%E3%82%BB%E3%83%AB%E3%83%BB%E3%83%86%E3%83%AA%E3%82%A2,https://www.koinuno-heya.com/syurui/sagyou/jack-russell-terrier.html, , ,,,3,8
poster-025,P12003,Scottish Terrier,スコティッシュ テリア,,https://en.wikipedia.org/wiki/Scottish_Terrier,https://www.akc.org/dog-breeds/scottish-terrier/,https://dogtime.com/dog-breeds/scottish-terrier#/slide/1, , ,https://ja.wikipedia.org/wiki/%E3%82%B9%E3%82%B3%E3%83%86%E3%82%A3%E3%83%83%E3%82%B7%E3%83%A5%E3%83%BB%E3%83%86%E3%83%AA%E3%82%A2,https://www.koinuno-heya.com/syurui/sagyou/scottish-terrier.html, , ,,,3,9
poster-026,P12003,Sealyham Terrier,"シーリハム テリア",,https://en.wikipedia.org/wiki/Sealyham_Terrier,https://www.akc.org/dog-breeds/sealyham-terrier/,https://dogtime.com/dog-breeds/sealyham-terrier, , ,https://ja.wikipedia.org/wiki/%E3%82%B7%E3%83%BC%E3%83%AA%E3%83%8F%E3%83%A0%E3%83%BB%E3%83%86%E3%83%AA%E3%82%A2,https://www.koinuno-heya.com/syurui/sagyou/sealyham-terrier.html, , ,,,3,10
poster-027,P12003,Soft Coated Wheaten Terrier,ソフトコーテッド ウィートン テリア,,https://en.wikipedia.org/wiki/Soft-coated_Wheaten_Terrier,https://www.akc.org/dog-breeds/soft-coated-wheaten-terrier/,https://dogtime.com/dog-breeds/soft-coated-wheaten-terrier#/slide/1, , ,https://ja.wikipedia.org/wiki/%E3%82%BD%E3%83%95%E3%83%88%E3%82%B3%E3%83%BC%E3%83%86%E3%83%83%E3%83%89%E3%83%BB%E3%82%A6%E3%82%A3%E3%83%BC%E3%83%88%E3%83%B3%E3%83%BB%E3%83%86%E3%83%AA%E3%82%A2,https://www.koinuno-heya.com/syurui/sagyou/softcoated-wheaten-terrier.html, , ,,,2,14
poster-028,P12003,Skye Terrier,スカイ テリア,,https://en.wikipedia.org/wiki/Skye_Terrier,https://www.akc.org/dog-breeds/skye-terrier/,https://dogtime.com/dog-breeds/skye-terrier#/slide/1, , ,https://ja.wikipedia.org/wiki/%E3%82%B9%E3%82%AB%E3%82%A4%E3%83%BB%E3%83%86%E3%83%AA%E3%82%A2,https://www.koinuno-heya.com/syurui/sagyou/skye-terrier.html, , ,,,2,15
poster-029,P12003,Staffordshire Bull Terrier,スタッフォードシャー ブル テリア,,https://en.wikipedia.org/wiki/Staffordshire_Bull_Terrier,https://www.akc.org/dog-breeds/staffordshire-bull-terrier/,https://dogtime.com/dog-breeds/staffordshire-bull-terrier#/slide/1, , ,https://ja.wikipedia.org/wiki/%E3%82%B9%E3%82%BF%E3%83%83%E3%83%95%E3%82%A9%E3%83%BC%E3%83%89%E3%82%B7%E3%83%A3%E3%83%BC%E3%83%BB%E3%83%96%E3%83%AB%E3%83%BB%E3%83%86%E3%83%AA%E3%82%A2,https://www.koinuno-heya.com/syurui/sagyou/staffordshire-bullterrier.html, , ,,,2,16
poster-030,P12003,Welsh Terrier,ウェルシュ テリア,,https://en.wikipedia.org/wiki/Welsh_Terrier,https://www.akc.org/dog-breeds/welsh-terrier/,https://dogtime.com/dog-breeds/welsh-terrier, , ,https://ja.wikipedia.org/wiki/%E3%82%A6%E3%82%A7%E3%83%AB%E3%82%B7%E3%83%A5%E3%83%BB%E3%83%86%E3%83%AA%E3%82%A2,https://www.koinuno-heya.com/syurui/agyou/welsh-terrier.html, , ,,,3,11
poster-031,P12003,West Highland White Terrier,"ウエスト ハイランド ホワイト テリア",,https://en.wikipedia.org/wiki/West_Highland_White_Terrier,https://www.akc.org/dog-breeds/west-highland-white-terrier/,https://dogtime.com/dog-breeds/west-highland-white-terrier#/slide/1, , ,https://ja.wikipedia.org/wiki/%E3%82%A6%E3%82%A8%E3%82%B9%E3%83%88%E3%83%BB%E3%83%8F%E3%82%A4%E3%83%A9%E3%83%B3%E3%83%89%E3%83%BB%E3%83%9B%E3%83%AF%E3%82%A4%E3%83%88%E3%83%BB%E3%83%86%E3%83%AA%E3%82%A2,https://www.koinuno-heya.com/syurui/agyou/westhighland-white-terrier.html, , ,,,3,12
poster-032,P12003,Cesky Terrier,チェスキーテリア,,https://en.wikipedia.org/wiki/Cesky_Terrier,https://www.akc.org/dog-breeds/cesky-terrier/,https://dogtime.com/dog-breeds/cesky-terrier#/slide/1, , ,https://ja.wikipedia.org/wiki/%E3%83%81%E3%82%A7%E3%82%B9%E3%82%AD%E3%83%BC%E3%83%BB%E3%83%86%E3%83%AA%E3%82%A2,https://www.koinuno-heya.com/syurui/tagyou/cesky-terrier.html, , ,,,3,13
poster-033,P12003,American Hairless Terrier,アメリカンヘアレステリア,,https://en.wikipedia.org/wiki/American_Hairless_Terrier,https://www.akc.org/dog-breeds/american-hairless-terrier/, , ,https://www.dogbreedinfo.com/americanhairlessterrier.htm,https://ja.wikipedia.org/wiki/%E3%82%A2%E3%83%A1%E3%83%AA%E3%82%AB%E3%83%B3%E3%83%BB%E3%83%98%E3%82%A2%E3%83%AC%E3%82%B9%E3%83%BB%E3%83%86%E3%83%AA%E3%82%A2,https://www.koinuno-heya.com/syurui/agyou/american-hairless-terrier.html, , ,,,3,14
poster-034,,HOUND GROUP,ハウンド グループ,,,,,,,,,https://www.dogfan.jp/zukan/hound/Group/index.html, ,,,,
poster-034,,HOUND,ハウン,,,,,,,,,https://www.dogfan.jp/zukan/hound/Group/index.html, ,,,,
poster-035,P12003,Afghan Hound,アフガン ハウンド,,https://en.wikipedia.org/wiki/Afghan_Hound,https://www.akc.org/dog-breeds/afghan-hound/,https://dogtime.com/dog-breeds/afghan-hound, , ,https://ja.wikipedia.org/wiki/%E3%82%A2%E3%83%95%E3%82%AC%E3%83%B3%E3%83%BB%E3%83%8F%E3%82%A6%E3%83%B3%E3%83%89,https://www.koinuno-heya.com/syurui/agyou/afghan-hound.html, , ,,,4,1
poster-036,P12003,Bavarian Mountain Hound,ババリアンマウンテン ハウンド,,https://en.wikipedia.org/wiki/Bavarian_Mountain_Hound,https://www.akc.org/dog-breeds/bavarian-mountain-scent-hound/,https://dogtime.com/dog-breeds/bavarian-mountain-scent-hound#/slide/1, , ,https://ja.wikipedia.org/wiki/%E3%83%90%E3%83%B4%E3%82%A1%E3%83%AA%E3%82%A2%E3%83%B3%E3%83%BB%E3%83%8F%E3%82%A6%E3%83%B3%E3%83%89,https://www.koinuno-heya.com/syurui/hagyou/bavarian-mountain-hound.html, , ,,,4,2
poster-037,P12003,Basenji,"バセンジー",,https://en.wikipedia.org/wiki/Basenji,https://www.akc.org/dog-breeds/basenji/,https://dogtime.com/dog-breeds/basenji, , ,https://ja.wikipedia.org/wiki/%E3%83%90%E3%82%BB%E3%83%B3%E3%82%B8%E3%83%BC,https://www.koinuno-heya.com/syurui/hagyou/basenji.html, , ,,,4,3
poster-038,P12003,Basset Hound,バセット ハウンド,,https://en.wikipedia.org/wiki/Basset_Hound,https://www.akc.org/dog-breeds/basset-hound/,https://dogtime.com/dog-breeds/basset-hound, , ,https://ja.wikipedia.org/wiki/バセット・ハウンド,https://www.koinuno-heya.com/syurui/hagyou/basset-hound.html, , ,,,5,1
poster-039,P12003,Beagle,ビーグル,,https://en.wikipedia.org/wiki/Beagle,https://www.akc.org/dog-breeds/beagle/,https://dogtime.com/dog-breeds/beagle#/slide/1, , ,https://ja.wikipedia.org/wiki/%E3%83%93%E3%83%BC%E3%82%B0%E3%83%AB,https://www.koinuno-heya.com/syurui/hagyou/beagle.html, , ,,,5,2
poster-040,P12003,Black and Tan Coonhound,ブラック アンド タン クーンハウンド,,https://en.wikipedia.org/wiki/Black_and_Tan_Coonhound,https://www.akc.org/dog-breeds/black-and-tan-coonhound/,https://dogtime.com/dog-breeds/black-and-tan-coonhound#/slide/1, , ,https://ja.wikipedia.org/wiki/%E3%83%96%E3%83%A9%E3%83%83%E3%82%AF%E3%83%BB%E3%82%A2%E3%83%B3%E3%83%89%E3%83%BB%E3%82%BF%E3%83%B3%E3%83%BB%E3%82%AF%E3%83%BC%E3%83%B3%E3%83%8F%E3%82%A6%E3%83%B3%E3%83%89,https://www.koinuno-heya.com/syurui/hagyou/blackandtan-coonhound.html, , ,,,5,3
poster-041,P12003,Dachshund Longhaired,長毛ダックスフント,,https://en.wikipedia.org/wiki/Dachshund,https://www.akc.org/dog-breeds/dachshund/,https://dogtime.com/dog-breeds/dachshund#/slide/1, , ,https://ja.wikipedia.org/wiki/%E3%83%80%E3%83%83%E3%82%AF%E3%82%B9%E3%83%95%E3%83%B3%E3%83%88,https://www.koinuno-heya.com/syurui/sagyou/standard-dachshund.html, , ,,,4,4
poster-042,P12003,Dachshund Wirehaired,剛毛ダックスフント,,https://en.wikipedia.org/wiki/Dachshund, ,https://dogtime.com/dog-breeds/dachshund#/slide/1, , ,https://ja.wikipedia.org/wiki/%E3%83%80%E3%83%83%E3%82%AF%E3%82%B9%E3%83%95%E3%83%B3%E3%83%88,https://www.koinuno-heya.com/syurui/sagyou/standard-dachshund.html, , ,,,4,5
poster-043,P12003,Dachshund Smoothhaired,短毛ダックスフント,,https://en.wikipedia.org/wiki/Dachshund,https://www.akc.org/dog-breeds/dachshund/,https://dogtime.com/dog-breeds/dachshund#/slide/1, , ,https://ja.wikipedia.org/wiki/%E3%83%80%E3%83%83%E3%82%AF%E3%82%B9%E3%83%95%E3%83%B3%E3%83%88,https://www.koinuno-heya.com/syurui/sagyou/standard-dachshund.html, , ,,,4,6
poster-044,P12003,Bloodhound,ブラッドハウンド,,https://en.wikipedia.org/wiki/Bloodhound,https://www.akc.org/dog-breeds/bloodhound/,https://dogtime.com/dog-breeds/bloodhound#/slide/1, , ,https://ja.wikipedia.org/wiki/%E3%83%96%E3%83%A9%E3%83%83%E3%83%89%E3%83%8F%E3%82%A6%E3%83%B3%E3%83%89,https://www.koinuno-heya.com/syurui/hagyou/bloodhound.html, , ,,,5,8
poster-045,P12003,Borzoi,"ボルゾイ",,https://en.wikipedia.org/wiki/Borzoi,https://www.akc.org/dog-breeds/borzoi/,https://dogtime.com/dog-breeds/borzoi#/slide/1, , ,https://ja.wikipedia.org/wiki/%E3%83%9C%E3%83%AB%E3%82%BE%E3%82%A4,https://www.koinuno-heya.com/syurui/hagyou/borzoi.html, , ,,,5,4
poster-046,P12003,Greyhound,"グレーハウンド",,https://en.wikipedia.org/wiki/Greyhound,https://www.akc.org/dog-breeds/greyhound/,https://dogtime.com/dog-breeds/greyhound, , ,https://ja.wikipedia.org/wiki/%E3%82%B0%E3%83%AC%E3%82%A4%E3%83%8F%E3%82%A6%E3%83%B3%E3%83%89_(%E7%8A%AC%E7%A8%AE),https://www.koinuno-heya.com/syurui/kagyou/greyhound.html, , ,,,5,6
poster-047,P12003,Irish Wolfhound,アイリッシュ ウルフハウンド,,https://en.wikipedia.org/wiki/Irish_wolfhound,https://www.akc.org/dog-breeds/irish-wolfhound/,https://dogtime.com/dog-breeds/irish-wolfhound#/slide/1, , ,https://ja.wikipedia.org/wiki/%E3%82%A2%E3%82%A4%E3%83%AA%E3%83%83%E3%82%B7%E3%83%A5%E3%83%BB%E3%82%A6%E3%83%AB%E3%83%95%E3%83%8F%E3%82%A6%E3%83%B3%E3%83%89,https://www.koinuno-heya.com/syurui/agyou/irish-wolfhound.html, , ,,,5,7
poster-048,P12003,Harrier,ハリヤー,,https://en.wikipedia.org/wiki/Harrier_(dog),https://www.akc.org/dog-breeds/harrier/,https://dogtime.com/dog-breeds/harrier#/slide/1, , ,https://ja.wikipedia.org/wiki/%E3%83%8F%E3%83%BC%E3%83%AA%E3%82%A2,https://www.koinuno-heya.com/syurui/hagyou/harrier.html, , ,,,4,8
poster-049,P12003,Ibizan Hound,イビザン ハウンド,,https://en.wikipedia.org/wiki/Ibizan_Hound,https://www.akc.org/dog-breeds/ibizan-hound/,https://dogtime.com/dog-breeds/ibizan-hound#/slide/1, , , ,https://www.koinuno-heya.com/syurui/agyou/ibizan-hound.html, , ,,,4,9
poster-050,P12003,Schweizer Laufhund (Swiss Hound),スイス ハウンド,,https://en.wikipedia.org/wiki/Schweizer_Laufhund, ,https://doglime.com/schweizer-laufhund/,https://www.petguide.com/breeds/dog/schweizer-laufhund/, ,https://ja.wikipedia.org/wiki/%E3%82%B9%E3%82%A4%E3%82%B9%E3%83%BB%E3%83%8F%E3%82%A6%E3%83%B3%E3%83%89,https://www.koinuno-heya.com/syurui/sagyou/swiss-hound.html,https://www.eukanuba.co.uk/breeds/swiss-hound-(schweizer-laufhund), , ,,5,5
poster-051,P12003,Pharaoh Hound,ファラオ ハウンド,,https://en.wikipedia.org/wiki/Pharaoh_Hound,https://www.akc.org/dog-breeds/pharaoh-hound/,https://dogtime.com/dog-breeds/pharaoh-hound#/slide/1, , ,https://ja.wikipedia.org/wiki/ファラオ・ハウンド,https://www.koinuno-heya.com/syurui/hagyou/pharaoh-hound.html, , ,,,4,11
poster-052,P12003,Italian Greyhound,イタリアン グレーハウンド,,https://en.wikipedia.org/wiki/Italian_Greyhound,https://www.akc.org/dog-breeds/italian-greyhound/,https://dogtime.com/dog-breeds/italian-greyhound#/slide/1, , ,https://ja.wikipedia.org/wiki/%E3%82%A4%E3%82%BF%E3%83%AA%E3%82%A2%E3%83%B3%E3%83%BB%E3%82%B0%E3%83%AC%E3%82%A4%E3%83%8F%E3%82%A6%E3%83%B3%E3%83%89,https://www.koinuno-heya.com/syurui/agyou/italian-greyhound.html, , ,,,4,7
poster-053,P12003,Kishu,紀州犬,,https://en.wikipedia.org/wiki/Kishu,https://www.akc.org/dog-breeds/kishu-ken/, , , ,https://ja.wikipedia.org/wiki/%E7%B4%80%E5%B7%9E%E7%8A%AC,https://www.koinuno-heya.com/syurui/kagyou/kishu-ken.html, , ,,,4,10
poster-054,P12003,Rhodesian Ridgeback,ローデシアン リッジバック,,https://en.wikipedia.org/wiki/Rhodesian_Ridgeback,https://www.akc.org/dog-breeds/rhodesian-ridgeback/,https://dogtime.com/dog-breeds/rhodesian-ridgeback#/slide/1, , ,https://ja.wikipedia.org/wiki/%E3%83%AD%E3%83%BC%E3%83%87%E3%82%B7%E3%82%A2%E3%83%B3%E3%83%BB%E3%83%AA%E3%83%83%E3%82%B8%E3%83%90%E3%83%83%E3%82%AF,https://www.koinuno-heya.com/syurui/yarawagyou/rhodesian-ridgeback.html, , ,,,4,12
poster-055,P12003,Saluki,サルーキ,,https://en.wikipedia.org/wiki/Saluki,https://www.akc.org/dog-breeds/saluki/,https://dogtime.com/dog-breeds/saluki#/slide/1, , ,https://ja.wikipedia.org/wiki/サルーキ,https://www.koinuno-heya.com/syurui/sagyou/saluki.html, , ,,,4,13
poster-056,P12003,Scottish Deerhound,スコティッシュ ディアハウンド,,https://en.wikipedia.org/wiki/Scottish_Deerhound,https://www.akc.org/dog-breeds/scottish-deerhound/,https://dogtime.com/dog-breeds/scottish-deerhound#/slide/1, , ,https://ja.wikipedia.org/wiki/スコティッシュ・ディアハウンド,https://www.koinuno-heya.com/syurui/sagyou/scottish-deerhound.html, , ,,,5,9
poster-057,P12003,whippet,ウィペット,,https://en.wikipedia.org/wiki/Whippet,https://www.akc.org/dog-breeds/whippet/,https://dogtime.com/dog-breeds/whippet#/slide/1, , ,https://ja.wikipedia.org/wiki/%E3%82%A6%E3%82%A3%E3%83%9A%E3%83%83%E3%83%88,https://www.koinuno-heya.com/syurui/agyou/whippet.html, , ,,,5,10
poster-058,P12003,Shikoku,四国犬 （しこくけん）,,https://en.wikipedia.org/wiki/Shikoku_(dog),https://www.akc.org/dog-breeds/shikoku/,https://dogtime.com/dog-breeds/shiba-inu, , ,https://ja.wikipedia.org/wiki/%E5%9B%9B%E5%9B%BD%E7%8A%AC,https://www.koinuno-heya.com/syurui/sagyou/shikoku-ken.html, , ,,,5,11
poster-059,,SPORTING GROUP,スポーティング グループ,,,,,,,,,https://www.dogfan.jp/zukan/sports/Group/index.html, ,,,スポーティング（犬種）,
poster-059,,SPORTING,スポーティング,,,,,,,,,,,,,,
poster-060,P12004,English Setter,イングリッシュ セター,,https://en.wikipedia.org/wiki/English_Setter,https://www.akc.org/dog-breeds/english-setter/,https://dogtime.com/dog-breeds/english-setter#/slide/1, , ,https://ja.wikipedia.org/wiki/%E3%82%A4%E3%83%B3%E3%82%B0%E3%83%AA%E3%83%83%E3%82%B7%E3%83%A5%E3%83%BB%E3%82%BB%E3%82%BF%E3%83%BC,https://www.koinuno-heya.com/syurui/agyou/english-setter.html, , ,,,6,1
poster-061,P12004,Auvergne Pointer,オーベルニュ ポインター,,https://en.wikipedia.org/wiki/Braque_d%27Auvergne,https://www.akc.org/dog-breeds/german-shorthaired-pointer/,https://dogtime.com/dog-breeds/german-shorthaired-pointer#/slide/1, , , ,https://www.koinuno-heya.com/syurui/agyou/auvergne-pointer.html, , ,,,6,2
poster-062,P12004,American Cocker Spaniel,アメリカン コッカー スパニエル,,https://en.wikipedia.org/wiki/American_Cocker_Spaniel,https://www.akc.org/dog-breeds/cocker-spaniel/,https://dogtime.com/dog-breeds/cocker-spaniel, , ,https://ja.wikipedia.org/wiki/%E3%82%A2%E3%83%A1%E3%83%AA%E3%82%AB%E3%83%B3%E3%83%BB%E3%82%B3%E3%83%83%E3%82%AB%E3%83%BC%E3%83%BB%E3%82%B9%E3%83%91%E3%83%8B%E3%82%A8%E3%83%AB,https://www.koinuno-heya.com/syurui/agyou/american-cocker-spaniel.html, , ,,,6,3
poster-063,P12004,English Cocker Spaniel,イングリッシュ コッカー スパニエル,,https://en.wikipedia.org/wiki/English_Cocker_Spaniel,https://www.akc.org/dog-breeds/english-cocker-spaniel/,https://dogtime.com/dog-breeds/english-cocker-spaniel#/slide/1, , ,https://ja.wikipedia.org/wiki/%E3%82%A4%E3%83%B3%E3%82%B0%E3%83%AA%E3%83%83%E3%82%B7%E3%83%A5%E3%83%BB%E3%82%B3%E3%83%83%E3%82%AB%E3%83%BC%E3%83%BB%E3%82%B9%E3%83%91%E3%83%8B%E3%82%A8%E3%83%AB,https://www.koinuno-heya.com/syurui/agyou/english-cocker-spaniel.html, , ,,,7,1
poster-064,P12004,Curly-coated Retriever,カーリーコーテッドレトリバー,,https://en.wikipedia.org/wiki/Curly-coated_Retriever,https://www.akc.org/dog-breeds/curly-coated-retriever/,https://dogtime.com/dog-breeds/curly-coated-retriever#/slide/1, , ,https://ja.wikipedia.org/wiki/%E3%82%AB%E3%83%BC%E3%83%AA%E3%83%BC%E3%82%B3%E3%83%BC%E3%83%86%E3%83%83%E3%83%89%E3%83%BB%E3%83%AC%E3%83%88%E3%83%AA%E3%83%BC%E3%83%90%E3%83%BC,https://www.koinuno-heya.com/syurui/kagyou/curly-coated-retriever.html, , ,,,7,2
poster-065,P12004,Brittany,ブリタニー,,https://en.wikipedia.org/wiki/Brittany_(dog),https://www.akc.org/dog-breeds/brittany/,https://dogtime.com/dog-breeds/brittany#/slide/1, , ,https://ja.wikipedia.org/wiki/%E3%83%96%E3%83%AA%E3%82%BF%E3%83%8B%E3%83%BC%E3%83%BB%E3%82%B9%E3%83%91%E3%83%8B%E3%82%A8%E3%83%AB,https://www.koinuno-heya.com/syurui/hagyou/brittany.html, , ,,,7,3
poster-066,P12004,Gordon Setter,ゴードン セッター,,https://en.wikipedia.org/wiki/Gordon_Setter,https://www.akc.org/dog-breeds/gordon-setter/,https://dogtime.com/dog-breeds/gordon-setter#/slide/1, , ,https://ja.wikipedia.org/wiki/%E3%82%B4%E3%83%BC%E3%83%89%E3%83%B3%E3%83%BB%E3%82%BB%E3%83%83%E3%82%BF%E3%83%BC,https://www.koinuno-heya.com/syurui/kagyou/gordon-setter.html, , ,,,6,4
poster-067,P12004,English Springer Spaniel,イングリッシュ スプリンガー スパニエル,,https://en.wikipedia.org/wiki/English_Springer_Spaniel,https://www.akc.org/dog-breeds/english-springer-spaniel/,https://dogtime.com/dog-breeds/english-springer-spaniel#/slide/1, , ,https://ja.wikipedia.org/wiki/%E3%82%A4%E3%83%B3%E3%82%B0%E3%83%AA%E3%83%83%E3%82%B7%E3%83%A5%E3%83%BB%E3%82%B9%E3%83%97%E3%83%AA%E3%83%B3%E3%82%AC%E3%83%BC%E3%83%BB%E3%82%B9%E3%83%91%E3%83%8B%E3%82%A8%E3%83%AB, ,https://www.min-inuzukan.com/english-springer-spaniel.html, ,,,6,5
poster-068,P12004,Flat-coated Retriever,フラットコーテッド レトリバー,,https://en.wikipedia.org/wiki/Flat-coated_Retriever,https://www.akc.org/dog-breeds/flat-coated-retriever/,https://dogtime.com/dog-breeds/flat-coated-retriever, , ,https://ja.wikipedia.org/wiki/%E3%83%95%E3%83%A9%E3%83%83%E3%83%88%E3%82%B3%E3%83%BC%E3%83%86%E3%83%83%E3%83%89%E3%83%BB%E3%83%AC%E3%83%88%E3%83%AA%E3%83%BC%E3%83%90%E3%83%BC,https://www.koinuno-heya.com/syurui/hagyou/flat-coated-retriever.html, , ,,,6,6
poster-069,P12004,German Wirehaired Pointer,ジャーマンワイヤーヘアードポインター,,https://en.wikipedia.org/wiki/German_Wirehaired_Pointer,https://www.akc.org/dog-breeds/german-wirehaired-pointer/,https://dogtime.com/dog-breeds/german-wirehaired-pointer#/slide/1, , ,https://ja.wikipedia.org/wiki/%E3%82%B8%E3%83%A3%E3%83%BC%E3%83%9E%E3%83%B3%E3%83%BB%E3%83%AF%E3%82%A4%E3%82%A2%E3%83%BC%E3%83%98%E3%82%A2%E3%83%BC%E3%83%89%E3%83%BB%E3%83%9D%E3%82%A4%E3%83%B3%E3%82%BF%E3%83%BC,https://www.koinuno-heya.com/syurui/sagyou/german-wirehaired-pointer.html, , ,,,7,4
poster-070,P12004,Golden Retriever,ゴールデン レトリバー,,https://en.wikipedia.org/wiki/Golden_Retriever,https://www.akc.org/dog-breeds/golden-retriever/,https://dogtime.com/dog-breeds/golden-retriever#/slide/1, , ,https://ja.wikipedia.org/wiki/%E3%82%B4%E3%83%BC%E3%83%AB%E3%83%87%E3%83%B3%E3%83%BB%E3%83%AC%E3%83%88%E3%83%AA%E3%83%90%E3%83%BC,https://www.koinuno-heya.com/syurui/kagyou/golden-retriever.html, , ,,,7,5
poster-071,P12004,German Shorthaired Pointer,ジャーマン  ショートヘアード ポインター,,https://en.wikipedia.org/wiki/German_Shorthaired_Pointer,https://www.akc.org/dog-breeds/german-shorthaired-pointer/,https://dogtime.com/dog-breeds/german-shorthaired-pointer#/slide/1, , ,https://ja.wikipedia.org/wiki/%E3%82%B8%E3%83%A3%E3%83%BC%E3%83%9E%E3%83%B3%E3%83%BB%E3%82%B7%E3%83%A7%E3%83%BC%E3%83%88%E3%83%98%E3%82%A2%E3%83%BC%E3%83%89%E3%83%BB%E3%83%9D%E3%82%A4%E3%83%B3%E3%82%BF%E3%83%BC,https://www.koinuno-heya.com/syurui/sagyou/german-shorthaired-pointer.html, , ,,,7,6
poster-072,P12004,Irish Setter,アイリッシュ セッター,,https://en.wikipedia.org/wiki/Irish_Setter,https://www.akc.org/dog-breeds/irish-setter/,https://dogtime.com/dog-breeds/irish-setter#/slide/1, , ,https://ja.wikipedia.org/wiki/%E3%82%A2%E3%82%A4%E3%83%AA%E3%83%83%E3%82%B7%E3%83%A5%E3%83%BB%E3%82%BB%E3%83%83%E3%82%BF%E3%83%BC,https://www.koinuno-heya.com/syurui/agyou/irish-setter.html, , ,,,6,7
poster-073,P12004,Labrador Retriever,ラブラドール レトリバー,,https://en.wikipedia.org/wiki/Labrador_Retriever,https://www.akc.org/dog-breeds/labrador-retriever/,https://dogtime.com/dog-breeds/labrador-retriever, , ,https://ja.wikipedia.org/wiki/%E3%83%A9%E3%83%96%E3%83%A9%E3%83%89%E3%83%BC%E3%83%AB%E3%83%BB%E3%83%AC%E3%83%88%E3%83%AA%E3%83%90%E3%83%BC,https://www.koinuno-heya.com/syurui/yarawagyou/labrador-retriever.html, , ,,,6,8
poster-074,P12004,Lagotto Romagnolo,ロマーニャ ウォーター ドッグ,,https://en.wikipedia.org/wiki/Lagotto_Romagnolo,https://www.akc.org/dog-breeds/lagotto-romagnolo/, , ,https://www.dogbreedinfo.com/lagottoromagnolo.htm, ,https://www.koinuno-heya.com/syurui/yarawagyou/romagna-waterdog.html, , ,,,6,9
poster-075,P12004,Pointer,ポインター,,https://en.wikipedia.org/wiki/Pointer_(dog_breed),https://www.akc.org/dog-breeds/pointer/,https://dogtime.com/dog-breeds/pointer#/slide/1, , ,https://ja.wikipedia.org/wiki/%E3%83%9D%E3%82%A4%E3%83%B3%E3%82%BF%E3%83%BC_(%E7%8A%AC%E7%A8%AE),https://www.koinuno-heya.com/syurui/hagyou/pointer.html, , ,,,7,8
poster-076,P12004,Kooikerhondje,コーイケルホンディエ,,https://en.wikipedia.org/wiki/Kooikerhondje,https://www.akc.org/dog-breeds/nederlandse-kooikerhondje/,https://dogtime.com/dog-breeds/kooikerhondje#/slide/1, , ,https://ja.wikipedia.org/wiki/%E3%82%B3%E3%83%BC%E3%82%A4%E3%82%B1%E3%83%AB%E3%83%9B%E3%83%B3%E3%83%87%E3%82%A3%E3%82%A8,https://www.koinuno-heya.com/syurui/kagyou/kooikerhondje.html, , ,,,7,7
poster-077,P12004,Small Münsterländer,スモール ミュンスターレンダー,,https://en.wikipedia.org/wiki/Small_M%C3%BCnsterl%C3%A4nder,https://www.akc.org/dog-breeds/small-munsterlander-pointer/,https://dogtime.com/dog-breeds/small-munsterlander-pointer#/slide/1, , ,https://ja.wikipedia.org/wiki/%E3%82%B9%E3%83%A2%E3%83%BC%E3%83%AB%E3%83%BB%E3%83%9F%E3%83%A5%E3%83%B3%E3%82%B9%E3%82%BF%E3%83%BC%E3%83%AC%E3%83%B3%E3%83%80%E3%83%BC,https://www.koinuno-heya.com/syurui/sagyou/small-munsterlander.html, , ,,,7,9
poster-078,P12004,Bracco Italiano,ブラッコ イタリアーノ,,https://en.wikipedia.org/wiki/Bracco_Italiano,https://www.akc.org/dog-breeds/bracco-italiano/,https://dogtime.com/dog-breeds/bracco-italiano#/slide/1, , , ,https://www.koinuno-heya.com/syurui/hagyou/bracco-italiano.html, , ,,,6,10
poster-079,P12004,Vizsla,ビズラ,,https://en.wikipedia.org/wiki/Vizsla,https://www.akc.org/dog-breeds/vizsla/,https://dogtime.com/dog-breeds/vizsla#/slide/1, , ,https://ja.wikipedia.org/wiki/%E3%82%B7%E3%83%A7%E3%83%BC%E3%83%88%E3%83%98%E3%82%A2%E3%83%BC%E3%83%89%E3%83%BB%E3%83%8F%E3%83%B3%E3%82%AC%E3%83%AA%E3%82%A2%E3%83%B3%E3%83%BB%E3%83%93%E3%82%BA%E3%83%A9,https://www.koinuno-heya.com/syurui/hagyou/vizsla.html, , ,,,6,11
poster-080,P12004,Wirehaired Vizsla,"ワイアーヘアード ビズラ",,https://en.wikipedia.org/wiki/Wirehaired_Pointing_Griffon,https://www.akc.org/dog-breeds/wirehaired-pointing-griffon/,https://dogtime.com/dog-breeds/vizsla#/slide/1, , ,https://ja.wikipedia.org/wiki/%E3%83%AF%E3%82%A4%E3%82%A2%E3%83%BC%E3%83%98%E3%82%A2%E3%83%BC%E3%83%89%E3%83%BB%E3%83%9D%E3%82%A4%E3%83%B3%E3%83%86%E3%82%A3%E3%83%B3%E3%82%B0%E3%83%BB%E3%82%B0%E3%83%AA%E3%83%95%E3%82%A9%E3%83%B3,https://www.koinuno-heya.com/syurui/yarawagyou/wirehaired-pointing-griffon.html, , ,,,6,12
poster-081,P12004,Nova Scotia Duck Tolling Retriever,"ノバスコシアダックトーリングレトリバー",,https://en.wikipedia.org/wiki/Nova_Scotia_Duck_Tolling_Retriever,https://www.akc.org/dog-breeds/nova-scotia-duck-tolling-retriever/,https://dogtime.com/dog-breeds/nova-scotia-duck-tolling-retriever#/slide/1, , ,https://ja.wikipedia.org/wiki/%E3%83%8E%E3%83%B4%E3%82%A1%E3%83%BB%E3%82%B9%E3%82%B3%E3%82%B7%E3%82%A2%E3%83%BB%E3%83%80%E3%83%83%E3%82%AF%E3%83%BB%E3%83%88%E3%83%BC%E3%83%AA%E3%83%B3%E3%82%B0%E3%83%BB%E3%83%AC%E3%83%88%E3%83%AA%E3%83%BC%E3%83%90%E3%83%BC,https://www.koinuno-heya.com/syurui/nagyou/novascotia-ducktolling-retriever.html, , ,,,7,10
poster-082,P12004,Welsh Springer Spaniel,ウェールズ スプリンガー スパニエル,,https://en.wikipedia.org/wiki/Welsh_Springer_Spaniel,https://www.akc.org/dog-breeds/welsh-springer-spaniel/,https://dogtime.com/dog-breeds/welsh-springer-spaniel#/slide/1, , , ,https://www.koinuno-heya.com/syurui/agyou/welsh-springer-spaniel.html, , ,,,7,11
poster-083,P12004,Weimaraner,"ワイマラナー",,https://en.wikipedia.org/wiki/Weimaraner,https://www.akc.org/dog-breeds/weimaraner/,https://dogtime.com/dog-breeds/weimaraner, , ,https://ja.wikipedia.org/wiki/%E3%83%AF%E3%82%A4%E3%83%9E%E3%83%A9%E3%83%8A%E3%83%BC,https://www.koinuno-heya.com/syurui/yarawagyou/weimaraner.html, , ,,,7,12
poster-084,,WORKING GROUP,ワーキング グループ,,, , , , , ,,https://www.dogfan.jp/zukan/Working/Group/index.html, ,,,,
,,WORKING,ワーキング,,,,,,,,,,,,,,
poster-085,P12004,Akita,秋田犬 (あきたいぬ ),,https://en.wikipedia.org/wiki/Akita_(dog),https://www.akc.org/dog-breeds/akita/,https://dogtime.com/dog-breeds/akita#/slide/1, , ,https://ja.wikipedia.org/wiki/%E3%82%A2%E3%83%A1%E3%83%AA%E3%82%AB%E3%83%B3%E3%83%BB%E3%82%A2%E3%82%AD%E3%82%BF,https://www.koinuno-heya.com/syurui/agyou/akita.html, , ,,,8,1
poster-086,P12004,Alaskan Malamute,"アラスカンマラミュート",,https://en.wikipedia.org/wiki/Alaskan_Malamute,https://www.akc.org/dog-breeds/alaskan-malamute/,https://dogtime.com/dog-breeds/alaskan-malamute, , ,https://ja.wikipedia.org/wiki/%E3%82%A2%E3%83%A9%E3%82%B9%E3%82%AB%E3%83%B3%E3%83%BB%E3%83%9E%E3%83%A9%E3%83%9F%E3%83%A5%E3%83%BC%E3%83%88,https://www.koinuno-heya.com/syurui/agyou/alaskan-malamute.html, , ,,,8,2
poster-087,P12004,Anatolian Shepherd,"アナトリアン シェパード ドッグ",,https://en.wikipedia.org/wiki/Anatolian_Shepherd,https://www.akc.org/dog-breeds/anatolian-shepherd-dog/,https://dogtime.com/dog-breeds/anatolian-shepherd-dog#/slide/1, , ,https://ja.wikipedia.org/wiki/%E3%82%A2%E3%83%8A%E3%83%88%E3%83%AA%E3%82%A2%E3%83%B3%E3%83%BB%E3%82%B7%E3%82%A7%E3%83%91%E3%83%BC%E3%83%89%E3%83%BB%E3%83%89%E3%83%83%E3%82%B0,https://www.koinuno-heya.com/syurui/agyou/anatolian-shepherd-dog.html, , ,,,8,3
poster-088,P12004,Bernese Mountain Dog,"バーニーズ マウンテン ドッグ",,https://en.wikipedia.org/wiki/Bernese_Mountain_Dog,https://www.akc.org/dog-breeds/bernese-mountain-dog/,https://dogtime.com/dog-breeds/bernese-mountain-dog#/slide/1, , ,https://ja.wikipedia.org/wiki/%E3%83%90%E3%83%BC%E3%83%8B%E3%83%BC%E3%82%BA%E3%83%BB%E3%83%9E%E3%82%A6%E3%83%B3%E3%83%86%E3%83%B3%E3%83%BB%E3%83%89%E3%83%83%E3%82%B0,https://www.koinuno-heya.com/syurui/hagyou/bernese-mountain-dog.html, , ,,,9,1
poster-089,P12004,Black Russian Terrier,ブラック ロシアン テリア,,https://en.wikipedia.org/wiki/Black_Russian_Terrier,https://www.akc.org/dog-breeds/black-russian-terrier/,https://dogtime.com/dog-breeds/black-russian-terrier#/slide/1, , ,https://ja.wikipedia.org/wiki/%E3%83%96%E3%83%A9%E3%83%83%E3%82%AF%E3%83%BB%E3%83%AD%E3%82%B7%E3%82%A2%E3%83%B3%E3%83%BB%E3%83%86%E3%83%AA%E3%82%A2,https://www.koinuno-heya.com/syurui/hagyou/black-russian-terrier.html, , ,,,9,2
poster-090,P12004,Boxer,"ボクサー",,https://en.wikipedia.org/wiki/Boxer_(dog),https://www.akc.org/dog-breeds/boxer/,https://dogtime.com/dog-breeds/boxer#/slide/1, , ,https://ja.wikipedia.org/wiki/%E3%83%9C%E3%82%AF%E3%82%B5%E3%83%BC_(%E7%8A%AC),https://www.koinuno-heya.com/syurui/hagyou/boxer.html, , ,,,9,3
poster-091,P12004,Bullmastiff,"ブルマスティフ",,https://en.wikipedia.org/wiki/Bullmastiff,https://www.akc.org/dog-breeds/bullmastiff/,https://dogtime.com/dog-breeds/bullmastiff#/slide/1, , ,https://ja.wikipedia.org/wiki/%E3%83%96%E3%83%AB%E3%83%9E%E3%82%B9%E3%83%86%E3%82%A3%E3%83%95,https://www.koinuno-heya.com/syurui/hagyou/bull-mastiff.html, , ,,,8,4
poster-092,P12004,Boerboel,"ブーアブル",,https://en.wikipedia.org/wiki/Boerboel,https://www.akc.org/dog-breeds/boerboel/,https://dogtime.com/dog-breeds/boerboel#/slide/1, , , ,https://www.koinuno-heya.com/syurui/hagyou/boerboel.html, , ,,,8,5
poster-093,P12004,Tosa,土佐犬 (とさいぬ ),,https://en.wikipedia.org/wiki/Tosa_(dog),https://www.akc.org/dog-breeds/tosa/, , ,https://www.dogbreedinfo.com/tosa.htm,https://ja.wikipedia.org/wiki/%E5%9C%9F%E4%BD%90%E9%97%98%E7%8A%AC,https://www.koinuno-heya.com/syurui/tagyou/tosainu.html, , ,,,8,6
poster-094,P12004,Dogue de Bordeaux,"ドーグドボルドー",,https://en.wikipedia.org/wiki/Dogue_de_Bordeaux,https://www.akc.org/dog-breeds/dogue-de-bordeaux/,https://dogtime.com/dog-breeds/dogue-de-bordeaux, , ,https://ja.wikipedia.org/wiki/%E3%83%9C%E3%83%AB%E3%83%89%E3%83%BC%E3%83%BB%E3%83%9E%E3%82%B9%E3%83%86%E3%82%A3%E3%83%95,https://www.koinuno-heya.com/syurui/tagyou/dogue-de-bordeau.html, , ,,,9,4
poster-095,P12004,Mastiff,マスティフ,,https://en.wikipedia.org/wiki/Mastiff,https://www.akc.org/dog-breeds/mastiff/,https://dogtime.com/dog-breeds/mastiff#/slide/1, , ,https://ja.wikipedia.org/wiki/%E3%83%9E%E3%82%B9%E3%83%86%E3%82%A3%E3%83%95,https://www.koinuno-heya.com/syurui/magyou/mastiff.html, , ,,,9,5
poster-096,P12004,Great Dane,グレートデーン,,https://en.wikipedia.org/wiki/Great_Dane,https://www.akc.org/dog-breeds/great-dane/,https://dogtime.com/dog-breeds/great-dane#/slide/1, , ,https://ja.wikipedia.org/wiki/%E3%82%B0%E3%83%AC%E3%83%BC%E3%83%88%E3%83%BB%E3%83%87%E3%83%BC%E3%83%B3,https://www.koinuno-heya.com/syurui/kagyou/great-dane.html, , ,,,9,6
poster-097,P12004,Greater Swiss Mountain Dog,グレイタースイスマウンテンドッグ,,https://en.wikipedia.org/wiki/Greater_Swiss_Mountain_Dog,https://www.akc.org/dog-breeds/greater-swiss-mountain-dog/,https://dogtime.com/dog-breeds/greater-swiss-mountain-dog#/slide/1, , ,https://ja.wikipedia.org/wiki/%E3%82%B0%E3%83%AC%E3%83%BC%E3%82%BF%E3%83%BC%E3%83%BB%E3%82%B9%E3%82%A4%E3%82%B9%E3%83%BB%E3%83%9E%E3%82%A6%E3%83%B3%E3%83%86%E3%83%B3%E3%83%BB%E3%83%89%E3%83%83%E3%82%B0,https://www.koinuno-heya.com/syurui/kagyou/greaterswiss-mountain-dog.html, , ,,,8,7
poster-098,P12004,Rottweiler,ロットワイラー,,https://en.wikipedia.org/wiki/Rottweiler,https://www.akc.org/dog-breeds/rottweiler/,https://dogtime.com/dog-breeds/rottweiler#/slide/1, , ,https://ja.wikipedia.org/wiki/%E3%83%AD%E3%83%83%E3%83%88%E3%83%AF%E3%82%A4%E3%83%A9%E3%83%BC_(%E7%8A%AC%E7%A8%AE),https://www.koinuno-heya.com/syurui/yarawagyou/rottweiler.html, , ,,,8,8
poster-099,P12004,Kuvasz,クーバース,,https://en.wikipedia.org/wiki/Kuvasz,https://www.akc.org/dog-breeds/kuvasz/,https://dogtime.com/dog-breeds/kuvasz#/slide/1, , , ,https://www.koinuno-heya.com/syurui/kagyou/kuvasz.html, , ,,,8,9
poster-100,P12004,Leonberger,レオンベルガー,,https://en.wikipedia.org/wiki/Leonberger,https://www.akc.org/dog-breeds/leonberger/,https://dogtime.com/dog-breeds/leonberger#/slide/1, , ,https://ja.wikipedia.org/wiki/%E3%83%AC%E3%82%AA%E3%83%B3%E3%83%99%E3%83%AB%E3%82%AC%E3%83%BC,https://www.koinuno-heya.com/syurui/yarawagyou/leonberger.html, , ,,,9,7
poster-101,P12004,Neapolitan Mastiff,ナポリタン マスティフ,,https://en.wikipedia.org/wiki/Neapolitan_Mastiff,https://www.akc.org/dog-breeds/neapolitan-mastiff/,https://dogtime.com/dog-breeds/neapolitan-mastiff#/slide/1, , ,https://ja.wikipedia.org/wiki/%E3%83%8A%E3%83%9D%E3%83%AA%E3%82%BF%E3%83%B3%E3%83%BB%E3%83%9E%E3%82%B9%E3%83%86%E3%82%A3%E3%83%95,https://www.koinuno-heya.com/syurui/nagyou/neapolitan-mastiff.html, , ,,,9,8
poster-102,P12004,Tibetan Mastiff,"チベタン マスティフ",,https://en.wikipedia.org/wiki/Tibetan_Mastiff,https://www.akc.org/dog-breeds/tibetan-mastiff/,https://dogtime.com/dog-breeds/tibetan-mastiff#/slide/1, , ,https://ja.wikipedia.org/wiki/%E3%83%81%E3%83%99%E3%82%BF%E3%83%B3%E3%83%BB%E3%83%9E%E3%82%B9%E3%83%86%E3%82%A3%E3%83%95,https://www.koinuno-heya.com/syurui/tagyou/tibetan-mastiff.html, , ,,,9,9
poster-103,P12004,Doberman,ドーベルマン,,https://en.wikipedia.org/wiki/Dobermann,http://akc.org/dog-breeds/doberman-pinscher/,https://dogtime.com/dog-breeds/doberman-pinscher, , ,https://ja.wikipedia.org/wiki/%E3%83%89%E3%83%BC%E3%83%99%E3%83%AB%E3%83%9E%E3%83%B3,https://www.koinuno-heya.com/syurui/tagyou/dobermann.html, , ,,,8,10
poster-104,P12004,Portuguese Water Dog,"ポーチュギーズウォータードッグ",,https://en.wikipedia.org/wiki/Portuguese_Water_Dog,https://www.akc.org/dog-breeds/portuguese-water-dog/,https://dogtime.com/dog-breeds/portuguese-water-dog#/slide/1, , ,https://ja.wikipedia.org/wiki/%E3%83%9C%E3%83%BC_(%E7%8A%AC),https://www.koinuno-heya.com/syurui/hagyou/portuguese-waterdog.html, , ,,,8,11
poster-105,P12004,Stabyhoun ,シュタバイフーン,,https://en.wikipedia.org/wiki/Stabyhoun,https://www.akc.org/dog-breeds/stabyhoun/,https://dogtime.com/dog-breeds/stabyhoun#/slide/1, , ,https://ja.wikipedia.org/wiki/%E3%82%B7%E3%83%A5%E3%82%BF%E3%83%90%E3%82%A4%E3%83%95%E3%83%BC%E3%83%B3, ,https://petippai.com/dog/catalog/264.html, ,,,8,12
poster-106,P12004,German Pinscher,ジャーマン ピンシャー,,https://en.wikipedia.org/wiki/German_Pinscher,https://www.akc.org/dog-breeds/german-pinscher/,https://dogtime.com/dog-breeds/german-pinscher#/slide/1, , ,https://ja.wikipedia.org/wiki/%E3%82%B8%E3%83%A3%E3%83%BC%E3%83%9E%E3%83%B3%E3%83%BB%E3%83%94%E3%83%B3%E3%82%B7%E3%83%A3%E3%83%BC,https://www.koinuno-heya.com/syurui/sagyou/german-pinscher.html, , ,,,8,14
poster-107,P12004,Kai Ken,甲斐犬,,https://en.wikipedia.org/wiki/Kai_Ken,https://www.akc.org/dog-breeds/kai-ken/, , , ,https://ja.wikipedia.org/wiki/%E7%94%B2%E6%96%90%E7%8A%AC,https://www.koinuno-heya.com/syurui/kagyou/kaiken.html, , ,,,9,10
poster-108,P12004,Samoyed,サモエド,,https://en.wikipedia.org/wiki/Samoyed_(dog),https://www.akc.org/dog-breeds/samoyed/,https://dogtime.com/dog-breeds/samoyed#/slide/1, , ,https://ja.wikipedia.org/wiki/%E3%82%B5%E3%83%A2%E3%82%A8%E3%83%89,https://www.koinuno-heya.com/syurui/sagyou/samoyed.html, , ,,,9,11
poster-109,P12004,Siberian Husky,シベリアン ハスキー,,https://en.wikipedia.org/wiki/Siberian_Husky,https://www.akc.org/dog-breeds/siberian-husky/,https://dogtime.com/dog-breeds/siberian-husky, , ,https://ja.wikipedia.org/wiki/%E3%82%B7%E3%83%99%E3%83%AA%E3%82%A2%E3%83%B3%E3%83%BB%E3%83%8F%E3%82%B9%E3%82%AD%E3%83%BC,https://www.koinuno-heya.com/syurui/sagyou/siberian-husky.html, , ,,,9,12
poster-110,P12004,Newfoundland,ニューファンドランド,,https://en.wikipedia.org/wiki/Newfoundland_(dog),https://www.akc.org/dog-breeds/newfoundland/,https://dogtime.com/dog-breeds/newfoundland#/slide/1, , ,https://ja.wikipedia.org/wiki/%E3%83%8B%E3%83%A5%E3%83%BC%E3%83%95%E3%82%A1%E3%83%B3%E3%83%89%E3%83%A9%E3%83%B3%E3%83%89_(%E7%8A%AC),https://www.koinuno-heya.com/syurui/nagyou/newfoundland.html, , ,,,8,13
poster-111,P12004,Great Pyrenees,グレート ピレニーズ,,https://en.wikipedia.org/wiki/Great_Pyrenees,https://www.akc.org/dog-breeds/great-pyrenees/,https://dogtime.com/dog-breeds/great-pyrenees#/slide/1, , ,https://ja.wikipedia.org/wiki/%E3%82%B0%E3%83%AC%E3%83%BC%E3%83%88%E3%83%BB%E3%83%94%E3%83%AC%E3%83%8B%E3%83%BC%E3%82%BA,https://www.koinuno-heya.com/syurui/kagyou/great-pyrenees.html, , ,,,8,15
poster-112,P12004,Standard Schnauzer,スタンダード シュナウザー,,https://en.wikipedia.org/wiki/Standard_Schnauzer,https://www.akc.org/dog-breeds/standard-schnauzer/,https://dogtime.com/dog-breeds/standard-schnauzer#/slide/1, , ,https://ja.wikipedia.org/wiki/%E3%82%B9%E3%82%BF%E3%83%B3%E3%83%80%E3%83%BC%E3%83%89%E3%83%BB%E3%82%B7%E3%83%A5%E3%83%8A%E3%82%A6%E3%82%B6%E3%83%BC,https://www.koinuno-heya.com/syurui/sagyou/standard-schnauzer.html, , ,,,9,13
poster-113,P12004,Giant Schnauzer,ジャイアント シュナウザー,,https://en.wikipedia.org/wiki/Giant_Schnauzer,https://www.akc.org/dog-breeds/giant-schnauzer/,https://dogtime.com/dog-breeds/giant-schnauzer#/slide/1, , ,https://ja.wikipedia.org/wiki/ジャイアント・シュナウザー,https://www.koinuno-heya.com/syurui/sagyou/giant-schnauzer.html, , ,,,9,14
poster-114,P12004,St. Bernard,セント バーナード,,https://en.wikipedia.org/wiki/St._Bernard_(dog),https://www.akc.org/dog-breeds/st-bernard/,https://dogtime.com/dog-breeds/saint-bernard#/slide/1, , ,https://ja.wikipedia.org/wiki/%E3%82%BB%E3%83%B3%E3%83%88%E3%83%BB%E3%83%90%E3%83%BC%E3%83%8A%E3%83%BC%E3%83%89,https://www.koinuno-heya.com/syurui/sagyou/saint-bernard.html, , ,,,9,15
poster-115,,NON-SPORTING GROUP,ノン スポーティング  グループ,,,,,,,,,https://www.dogfan.jp/zukan/non_sporting/Group/index.html, ,,,,
poster-115,,NON-SPORTING,ノン スポーティング  ドッグ,,,,,,,,,,,,,,
poster-116,P12005,Bichon frise,"ビション フリーゼ ",,https://en.wikipedia.org/wiki/Bichon_Frise,https://www.akc.org/dog-breeds/bichon-frise/,https://dogtime.com/dog-breeds/bichon-frise#/slide/1, , ,https://ja.wikipedia.org/wiki/%E3%83%93%E3%82%B7%E3%83%A7%E3%83%B3%E3%83%BB%E3%83%95%E3%83%AA%E3%83%BC%E3%82%BC,https://www.koinuno-heya.com/syurui/hagyou/bichon-frise.html, , ,,,10,1
poster-117,P12005,Boston Terrier,ボストン テリア ,,https://en.wikipedia.org/wiki/Boston_Terrier,https://www.akc.org/dog-breeds/boston-terrier/,https://dogtime.com/dog-breeds/boston-terrier#/slide/1, , ,https://ja.wikipedia.org/wiki/%E3%83%9C%E3%82%B9%E3%83%88%E3%83%B3%E3%83%BB%E3%83%86%E3%83%AA%E3%82%A2,https://www.koinuno-heya.com/syurui/hagyou/boston-terrier.html, , ,,,10,2
poster-118,P12005,Bulldog,"ブルドッグ",,https://en.wikipedia.org/wiki/Bulldog,https://www.akc.org/dog-breeds/bulldog/,https://dogtime.com/dog-breeds/bulldog#/slide/1, , ,https://ja.wikipedia.org/wiki/%E3%83%96%E3%83%AB%E3%83%89%E3%83%83%E3%82%B0,https://www.koinuno-heya.com/syurui/hagyou/bulldog.html, , ,,,10,3
poster-119,P12005,Chow Chow,"チャウ チャウ ",,https://en.wikipedia.org/wiki/Chow_Chow,https://www.akc.org/dog-breeds/chow-chow/,https://dogtime.com/dog-breeds/chow-chow#/slide/1, , ,https://ja.wikipedia.org/wiki/%E3%83%81%E3%83%A3%E3%82%A6%E3%83%BB%E3%83%81%E3%83%A3%E3%82%A6,https://www.koinuno-heya.com/syurui/tagyou/chow-chow.html, , ,,,11,6
poster-120,P12005,Dalmatian,ダルメシアン,,https://en.wikipedia.org/wiki/Dalmatian_(dog),https://www.akc.org/dog-breeds/dalmatian/,https://dogtime.com/dog-breeds/dalmatian#/slide/1, , ,https://ja.wikipedia.org/wiki/%E3%83%80%E3%83%AB%E3%83%A1%E3%82%B7%E3%82%A2%E3%83%B3,https://www.koinuno-heya.com/syurui/tagyou/dalmatian.html, , ,,,11,1
poster-121,P12005,Finnish Spitz,フィニッシュ スピッツ,,https://en.wikipedia.org/wiki/Finnish_Spitz,https://www.akc.org/dog-breeds/finnish-spitz/,https://dogtime.com/dog-breeds/finnish-spitz#/slide/1, , ,https://ja.wikipedia.org/wiki/%E3%83%95%E3%82%A3%E3%83%8B%E3%83%83%E3%82%B7%E3%83%A5%E3%83%BB%E3%82%B9%E3%83%94%E3%83%83%E3%83%84,https://www.koinuno-heya.com/syurui/hagyou/finnish-spitz.html, , ,,,11,2
poster-122,P12005,French Bulldog,フレンチ ブルドッグ,,https://en.wikipedia.org/wiki/French_Bulldog,https://www.akc.org/dog-breeds/french-bulldog/,https://dogtime.com/dog-breeds/french-bulldog#/slide/1, , ,https://ja.wikipedia.org/wiki/%E3%83%95%E3%83%AC%E3%83%B3%E3%83%81%E3%83%BB%E3%83%96%E3%83%AB%E3%83%89%E3%83%83%E3%82%B0,https://www.koinuno-heya.com/syurui/hagyou/french-bulldog.html, , ,,,10,4
poster-123,P12005,Japanese Spitz,"日本スピッツ",,https://en.wikipedia.org/wiki/Japanese_Spitz,https://www.akc.org/dog-breeds/japanese-spitz/,https://dogtime.com/dog-breeds/japanese-spitz#/slide/1, , ,https://ja.wikipedia.org/wiki/%E6%97%A5%E6%9C%AC%E3%82%B9%E3%83%94%E3%83%83%E3%83%84,https://www.koinuno-heya.com/syurui/nagyou/japanese-spitz.html, , ,,,10,5
poster-124,P12005,Keeshond,"キースホンド",,https://en.wikipedia.org/wiki/Keeshond,https://www.akc.org/dog-breeds/keeshond/,https://dogtime.com/dog-breeds/keeshond#/slide/1, , ,https://ja.wikipedia.org/wiki/%E3%82%AD%E3%83%BC%E3%82%B9%E3%83%9B%E3%83%B3%E3%83%89,https://www.koinuno-heya.com/syurui/kagyou/keeshond.html, , ,,,10,6
poster-125,P12005,Lhasa Apso,ラサ  アプソ,,https://en.wikipedia.org/wiki/Lhasa_Apso,https://www.akc.org/dog-breeds/lhasa-apso/,https://dogtime.com/dog-breeds/lhasa-apso#/slide/1, , ,https://ja.wikipedia.org/wiki/%E3%83%A9%E3%82%B5%E3%83%BB%E3%82%A2%E3%83%97%E3%82%BD,https://www.koinuno-heya.com/syurui/yarawagyou/lhasa-apso.html, , ,,,11,4
poster-126,P12005,Löwchen,ローシェン,,https://en.wikipedia.org/wiki/L%C3%B6wchen,https://www.akc.org/dog-breeds/lowchen/,https://dogtime.com/dog-breeds/lowchen#/slide/1, , ,https://ja.wikipedia.org/wiki/%E3%83%AD%E3%83%BC%E3%82%B7%E3%82%A7%E3%83%B3,https://www.koinuno-heya.com/syurui/yarawagyou/lowchen.html, , ,,,11,5
poster-127,P12005,Schipperke,スキッパーキ ,,https://en.wikipedia.org/wiki/Schipperke,https://www.akc.org/dog-breeds/schipperke/,https://dogtime.com/dog-breeds/schipperke#/slide/1, , ,https://ja.wikipedia.org/wiki/%E3%82%B9%E3%82%AD%E3%83%83%E3%83%91%E3%83%BC%E3%82%AD,https://www.koinuno-heya.com/syurui/sagyou/schipperke.html, , ,,,11,3
poster-128,P12005,Miniature Poodle,"ミニチュア   プードル",,https://en.wikipedia.org/wiki/Poodle,https://www.akc.org/dog-breeds/poodle-miniature/,https://dogtime.com/dog-breeds/poodle, , ,https://ja.wikipedia.org/wiki/%E3%83%97%E3%83%BC%E3%83%89%E3%83%AB,https://www.koinuno-heya.com/syurui/sagyou/standard-poodle.html, , ,,,10,7
poster-129,P12005,Standard  Poodle,"スタンダード   プードル",,https://en.wikipedia.org/wiki/Poodle,https://www.akc.org/dog-breeds/poodle-standard/,https://dogtime.com/dog-breeds/poodle, , ,https://ja.wikipedia.org/wiki/%E3%83%97%E3%83%BC%E3%83%89%E3%83%AB,https://www.koinuno-heya.com/syurui/sagyou/standard-poodle.html, , ,,,10,8
poster-130,P12005,Shiba Inu,柴犬,,https://en.wikipedia.org/wiki/Shiba_Inu,https://www.akc.org/dog-breeds/shiba-inu/,https://dogtime.com/dog-breeds/shiba-inu, , ,https://ja.wikipedia.org/wiki/%E6%9F%B4%E7%8A%AC,https://www.koinuno-heya.com/syurui/sagyou/shiba.html, , ,,,10,9
poster-131,P12005,Mameshiba,"豆柴",, ,,https://dogtime.com/dog-breeds/shiba-inu#/slide/1, ,https://www.mame-shiba-inu.com/in-english/, , ,https://www.mame-shiba-inu.com/what-is-mame-shiba-inu-dog/,http://www.kcj.gr.jp/type/mameshiba/vol4.html, ,,10,10
poster-132,P12005,Shar Pei,シャー   ペイ,,https://en.wikipedia.org/wiki/Shar_Pei,https://www.akc.org/dog-breeds/chinese-shar-pei/,https://dogtime.com/dog-breeds/chinese-shar-pei#/slide/1, , ,https://ja.wikipedia.org/wiki/%E3%82%B7%E3%83%A3%E3%83%BC%E3%83%BB%E3%83%9A%E3%82%A4,https://www.koinuno-heya.com/syurui/sagyou/shar-pei.html, , ,,,11,7
poster-133,P12005,Tibetan Spaniel,"チベタン   スパニエル",,https://en.wikipedia.org/wiki/Tibetan_spaniel,https://www.akc.org/dog-breeds/tibetan-spaniel/,https://dogtime.com/dog-breeds/tibetan-spaniel#/slide/1, , ,https://ja.wikipedia.org/wiki/%E3%83%81%E3%83%99%E3%82%BF%E3%83%B3%E3%83%BB%E3%82%B9%E3%83%91%E3%83%8B%E3%82%A8%E3%83%AB,https://www.koinuno-heya.com/syurui/tagyou/tibetan-spaniel.html, , ,,,11,8
poster-134,P12005,Tibetan Terrier,"チベタン    テリア",,https://en.wikipedia.org/wiki/Tibetan_Terrier,https://www.akc.org/dog-breeds/tibetan-terrier/,https://dogtime.com/dog-breeds/tibetan-terrier#/slide/1, , ,https://ja.wikipedia.org/wiki/%E3%83%81%E3%83%99%E3%82%BF%E3%83%B3%E3%83%BB%E3%83%86%E3%83%AA%E3%82%A2,https://www.koinuno-heya.com/syurui/tagyou/tibetan-terrier.html, , ,,,11,9
poster-135,,HERDING GROUP,ハーディング グループ,,,,,,,,,https://www.dogfan.jp/zukan/herding/Group/index.html, ,,,,
poster-135,,HERDING DOG,ハーディング ドッグ,,,,,,,,,,,,,,
poster-136,P12005,Australian Cattle Dog,オーストラリアン キャトル ドッグ,,https://en.wikipedia.org/wiki/Australian_Cattle_Dog,https://www.akc.org/dog-breeds/australian-cattle-dog/,https://dogtime.com/dog-breeds/australian-cattle-dog#/slide/1, , ,https://ja.wikipedia.org/wiki/%E3%82%AA%E3%83%BC%E3%82%B9%E3%83%88%E3%83%A9%E3%83%AA%E3%82%A2%E3%83%B3%E3%83%BB%E3%82%AD%E3%83%A3%E3%83%88%E3%83%AB%E3%83%BB%E3%83%89%E3%83%83%E3%82%B0,https://www.koinuno-heya.com/syurui/agyou/australian-cattledog.html, , ,,,12,1
poster-137,P12005,Australian Shepherd,オーストラリアン   シェパード,,https://en.wikipedia.org/wiki/Australian_Shepherd,https://www.akc.org/dog-breeds/australian-shepherd/,https://dogtime.com/dog-breeds/australian-shepherd#/slide/1, , ,https://ja.wikipedia.org/wiki/%E3%82%AA%E3%83%BC%E3%82%B9%E3%83%88%E3%83%A9%E3%83%AA%E3%82%A2%E3%83%B3%E3%83%BB%E3%82%B7%E3%82%A7%E3%83%91%E3%83%BC%E3%83%89,https://www.koinuno-heya.com/syurui/agyou/australian-shepherd.html, , ,,,12,2
poster-138,P12005,Bearded Collie,"ビアデッド   コリー",,https://en.wikipedia.org/wiki/Bearded_Collie,https://www.akc.org/dog-breeds/bearded-collie/,https://dogtime.com/dog-breeds/bearded-collie#/slide/1, , ,https://ja.wikipedia.org/wiki/%E3%83%93%E3%82%A2%E3%83%87%E3%83%83%E3%83%89%E3%83%BB%E3%82%B3%E3%83%AA%E3%83%BC,https://www.koinuno-heya.com/syurui/hagyou/bearded-collie.html, , ,,,13,7
poster-139,P12005,Belgian Malinois,"ベルジアンマリノア",,https://en.wikipedia.org/wiki/Malinois_dog,https://www.akc.org/dog-breeds/belgian-malinois/,https://dogtime.com/dog-breeds/belgian-malinois#/slide/1, , ,https://ja.wikipedia.org/wiki/%E3%83%99%E3%83%AB%E3%82%B8%E3%82%A2%E3%83%B3%E3%83%BB%E3%82%B7%E3%82%A7%E3%83%91%E3%83%BC%E3%83%89%E3%83%BB%E3%83%89%E3%83%83%E3%82%B0%E3%83%BB%E3%83%9E%E3%83%AA%E3%83%8E%E3%82%A2,https://www.koinuno-heya.com/syurui/hagyou/belgian-malinois.html, , ,,,13,1
poster-140,P12005,Belgian Sheepdog,"ベルジアンシープドッグ",,https://en.wikipedia.org/wiki/Belgian_Shepherd,https://www.akc.org/dog-breeds/belgian-sheepdog/,https://dogtime.com/dog-breeds/belgian-sheepdog#/slide/1, , , ,https://www.koinuno-heya.com/syurui/kagyou/carpathian-shepherd-dog.html, , ,,,13,2
poster-141,P12005,Belgian Tervuren,"ベルジアンタービュレン",,https://en.wikipedia.org/wiki/Tervuren_dog,https://www.akc.org/dog-breeds/belgian-tervuren/,https://dogtime.com/dog-breeds/belgian-tervuren#/slide/1, , ,https://ja.wikipedia.org/wiki/%E3%83%99%E3%83%AB%E3%82%B8%E3%82%A2%E3%83%B3%E3%83%BB%E3%82%B7%E3%82%A7%E3%83%91%E3%83%BC%E3%83%89%E3%83%BB%E3%83%89%E3%83%83%E3%82%B0%E3%83%BB%E3%82%BF%E3%83%BC%E3%83%93%E3%83%A5%E3%83%AC%E3%83%B3,https://www.koinuno-heya.com/syurui/hagyou/belgian-tervuren.html, , ,,,13,4
poster-142,P12005,Border Collie,"ボーダー   コリー",,https://en.wikipedia.org/wiki/Border_Collie,https://www.akc.org/dog-breeds/border-collie/,https://dogtime.com/dog-breeds/border-collie#/slide/1, , ,https://ja.wikipedia.org/wiki/%E3%83%9C%E3%83%BC%E3%83%80%E3%83%BC%E3%83%BB%E3%82%B3%E3%83%AA%E3%83%BC,https://www.koinuno-heya.com/syurui/hagyou/border-collie.html, , ,,,12,4
poster-143,P12005,Cardigan Welsh Corgi,ウェルシュ コーギー カーディガン,,https://en.wikipedia.org/wiki/Cardigan_Welsh_Corgi,https://www.akc.org/dog-breeds/cardigan-welsh-corgi/,https://dogtime.com/dog-breeds/cardigan-welsh-corgi#/slide/1, , ,https://ja.wikipedia.org/wiki/%E3%82%A6%E3%82%A7%E3%83%AB%E3%82%B7%E3%83%A5%E3%83%BB%E3%82%B3%E3%83%BC%E3%82%AE%E3%83%BC%E3%83%BB%E3%82%AB%E3%83%BC%E3%83%87%E3%82%A3%E3%82%AC%E3%83%B3,https://www.koinuno-heya.com/syurui/agyou/welsh-corgi-cardigan.html, , ,,,12,7
poster-144,P12005,Briard,"ブリアード",,https://en.wikipedia.org/wiki/Briard,https://www.akc.org/dog-breeds/briard/,https://dogtime.com/dog-breeds/briard#/slide/1, , ,https://ja.wikipedia.org/wiki/%E3%83%96%E3%83%AA%E3%82%A2%E3%83%BC%E3%83%89,https://www.koinuno-heya.com/syurui/hagyou/briard.html, , ,,,12,6
poster-145,P12005,Bouvier des Flandres,"ブービエデフランダース",,https://en.wikipedia.org/wiki/Bouvier_des_Flandres,https://www.akc.org/dog-breeds/bouvier-des-flandres/,https://dogtime.com/dog-breeds/bouvier-des-flandres#/slide/1, , ,https://ja.wikipedia.org/wiki/%E7%89%A7%E7%BE%8A%E7%8A%AC,https://www.koinuno-heya.com/syurui/hagyou/bouvier-des-flandres.html, , ,,,13,8
poster-146,P12005,Rough Collie,"ラフ   コリー",,https://en.wikipedia.org/wiki/Rough_Collie,https://www.akc.org/dog-breeds/collie/,https://dogtime.com/dog-breeds/collie#/slide/1, , ,https://ja.wikipedia.org/wiki/%E3%83%A9%E3%83%95%E3%83%BB%E3%82%B3%E3%83%AA%E3%83%BC,https://www.koinuno-heya.com/syurui/kagyou/collie.html, , ,,,13,5
poster-147,P12005,Smooth Collie,"スムース   コリー",, , ,https://dogtime.com/dog-breeds/collie#/slide/1, , , , , , ,,,13,3
poster-148,P12005,German Shepherd,"ジャーマン   シェパード",,https://en.wikipedia.org/wiki/German_Shepherd,https://www.akc.org/dog-breeds/german-shepherd-dog/,https://dogtime.com/dog-breeds/german-shepherd-dog#/slide/1, , ,https://ja.wikipedia.org/wiki/%E3%82%B8%E3%83%A3%E3%83%BC%E3%83%9E%E3%83%B3%E3%83%BB%E3%82%B7%E3%82%A7%E3%83%91%E3%83%BC%E3%83%89%E3%83%BB%E3%83%89%E3%83%83%E3%82%B0,https://www.koinuno-heya.com/syurui/sagyou/german-shepherd.html, , ,,,12,8
poster-149,P12005,Old English Sheepdog,"オールド   イングリッシュ   シープドッグ",,https://en.wikipedia.org/wiki/Old_English_Sheepdog,http://akc.org/dog-breeds/old-english-sheepdog/,https://dogtime.com/dog-breeds/old-english-sheepdog#/slide/1, , ,https://ja.wikipedia.org/wiki/%E3%82%AA%E3%83%BC%E3%83%AB%E3%83%89%E3%83%BB%E3%82%A4%E3%83%B3%E3%82%B0%E3%83%AA%E3%83%83%E3%82%B7%E3%83%A5%E3%83%BB%E3%82%B7%E3%83%BC%E3%83%97%E3%83%89%E3%83%83%E3%82%B0,https://www.koinuno-heya.com/syurui/agyou/old-english-sheepdog.html, , ,,,12,9
poster-150,P12005,Swiss Shepherd,"ホワイトスイスシェパード",,https://en.wikipedia.org/wiki/Berger_Blanc_Suisse, , , ,https://www.dog-breeds-expert.com/white-swiss-shepherd-dog.html,https://ja.wikipedia.org/wiki/%E3%83%9B%E3%83%AF%E3%82%A4%E3%83%88%E3%83%BB%E3%82%B9%E3%82%A4%E3%82%B9%E3%83%BB%E3%82%B7%E3%82%A7%E3%83%91%E3%83%BC%E3%83%89%E3%83%BB%E3%83%89%E3%83%83%E3%82%B0,https://www.koinuno-heya.com/syurui/hagyou/white-swiss-shepherd.html, , ,,,12,5
poster-151,P12005,Pembroke Welsh Corgi,ウェルシュ コーギー ペンブローク,,https://en.wikipedia.org/wiki/Pembroke_Welsh_Corgi,https://www.akc.org/dog-breeds/pembroke-welsh-corgi/,https://dogtime.com/dog-breeds/pembroke-welsh-corgi#/slide/1, , ,https://ja.wikipedia.org/wiki/ウェルシュ・コーギー・ペンブローク,https://www.koinuno-heya.com/syurui/agyou/welsh-corgi-pembroke.html, , ,,,12,3
poster-152,P12005,Swedish Vallhund,"スウェーディッシュヴァルフント",,https://en.wikipedia.org/wiki/Swedish_Vallhund, ,https://dogtime.com/dog-breeds/swedish-vallhund, , ,https://ja.wikipedia.org/wiki/%E3%82%B9%E3%82%A6%E3%82%A7%E3%83%BC%E3%83%87%E3%82%A3%E3%83%83%E3%82%B7%E3%83%A5%E3%83%BB%E3%83%B4%E3%82%A1%E3%83%AB%E3%83%95%E3%83%B3%E3%83%88,https://www.koinuno-heya.com/syurui/sagyou/swedish-vallhund.html, , ,,,13,9
poster-153,P12005,Shetland Sheepdog,"シェットランド   シープドッグ",,https://en.wikipedia.org/wiki/Shetland_Sheepdog,https://www.akc.org/dog-breeds/shetland-sheepdog/,https://dogtime.com/dog-breeds/shetland-sheepdog#/slide/1, , ,https://ja.wikipedia.org/wiki/%E3%82%B7%E3%82%A7%E3%83%83%E3%83%88%E3%83%A9%E3%83%B3%E3%83%89%E3%83%BB%E3%82%B7%E3%83%BC%E3%83%97%E3%83%89%E3%83%83%E3%82%B0,https://www.koinuno-heya.com/syurui/sagyou/shetland-sheepdog.html, , ,,,13,6
poster-154,,TOY GROUP,トイ  グループ,,, , , , , , ,https://www.dogfan.jp/zukan/toy/Group/index.html, ,,,,
poster-154,,TOY DOG,トイ ドッグ,,,,,,,,,,,,,,
poster-155,P12005,Affenpinscher,"アーフェンピンシャー",,https://en.wikipedia.org/wiki/Affenpinscher,https://www.akc.org/dog-breeds/affenpinscher/,https://dogtime.com/dog-breeds/affenpinscher#/slide/1, , ,https://ja.wikipedia.org/wiki/%E3%82%A2%E3%83%BC%E3%83%95%E3%82%A7%E3%83%B3%E3%83%94%E3%83%B3%E3%82%B7%E3%83%A3%E3%83%BC,https://www.koinuno-heya.com/syurui/agyou/affenpinscher.html, , ,,,14,1
poster-156,P12005,Maltese,"マルチーズ",,https://en.wikipedia.org/wiki/Maltese_(dog),https://www.akc.org/dog-breeds/maltese/,https://dogtime.com/dog-breeds/maltese#/slide/1, , ,https://ja.wikipedia.org/wiki/%E3%83%9E%E3%83%AB%E3%83%81%E3%83%BC%E3%82%BA%E3%83%BB%E3%83%9D%E3%82%B1%E3%83%83%E3%83%88%E3%83%BB%E3%83%89%E3%83%83%E3%82%B0,https://www.koinuno-heya.com/syurui/magyou/maltese.html, , ,,,14,2
poster-157,P12005,Miniature Pinscher,"ミニチュア ピンシャー",,https://en.wikipedia.org/wiki/Miniature_Pinscher,https://www.akc.org/dog-breeds/miniature-pinscher/,https://dogtime.com/dog-breeds/miniature-pinscher#/slide/1, , ,https://ja.wikipedia.org/wiki/%E3%83%9F%E3%83%8B%E3%83%81%E3%83%A5%E3%82%A2%E3%83%BB%E3%83%94%E3%83%B3%E3%82%B7%E3%83%A3%E3%83%BC,https://www.koinuno-heya.com/syurui/magyou/miniature-pinscher.html, , ,,,14,3
poster-158,P12005,Pekingese,ペキニーズ,,https://en.wikipedia.org/wiki/Pekingese,https://www.akc.org/dog-breeds/pekingese/,https://dogtime.com/dog-breeds/pekingese#/slide/1, , ,https://ja.wikipedia.org/wiki/%E3%83%9A%E3%82%AD%E3%83%8B%E3%83%BC%E3%82%BA,https://www.koinuno-heya.com/syurui/hagyou/pekingese.html, , ,,,15,1
poster-159,P12005,Pomeranian,"ポメラニアン",,https://en.wikipedia.org/wiki/Pomeranian_(dog),https://www.akc.org/dog-breeds/pomeranian/,https://dogtime.com/dog-breeds/pomeranian#/slide/1, , ,https://ja.wikipedia.org/wiki/%E3%83%9D%E3%83%A1%E3%83%A9%E3%83%8B%E3%82%A2%E3%83%B3,https://www.koinuno-heya.com/syurui/hagyou/pomeranian.html, , ,,,15,2
poster-160,P12005,Chihuahua (Long Coat),"チワワ (ロングコート )",,https://en.wikipedia.org/wiki/Chihuahua_(dog),https://www.akc.org/dog-breeds/chihuahua/,https://dogtime.com/dog-breeds/chihuahua#/slide/1, , ,https://ja.wikipedia.org/wiki/%E3%83%81%E3%83%AF%E3%83%AF,https://www.koinuno-heya.com/syurui/tagyou/chihuahua.html,https://www.min-inuzukan.com/long-chihuahua.html, ,,,15,3
poster-161,P12005,Chihuahua (Smooth Coat),"チワワ (スムース)",,https://en.wikipedia.org/wiki/Chihuahua_(dog),https://www.akc.org/dog-breeds/chihuahua/,https://dogtime.com/dog-breeds/chihuahua#/slide/1, , ,https://ja.wikipedia.org/wiki/%E3%83%81%E3%83%AF%E3%83%AF,https://www.koinuno-heya.com/syurui/tagyou/chihuahua.html, , ,,,15,4
poster-162,P12005,Silky Terrier,"シルキーテリア",,https://en.wikipedia.org/wiki/Australian_Silky_Terrier,https://www.akc.org/dog-breeds/silky-terrier/,https://dogtime.com/dog-breeds/silky-terrier#/slide/1, , ,https://ja.wikipedia.org/wiki/%E3%82%AA%E3%83%BC%E3%82%B9%E3%83%88%E3%83%A9%E3%83%AA%E3%82%A2%E3%83%B3%E3%83%BB%E3%82%B7%E3%83%AB%E3%82%AD%E3%83%BC%E3%83%BB%E3%83%86%E3%83%AA%E3%82%A2,https://www.koinuno-heya.com/syurui/sagyou/silky-terrier.html, , ,,,14,5
poster-163,P12005,Yorkshire Terrier,"ヨークシャー    テリア",,https://en.wikipedia.org/wiki/Yorkshire_Terrier,https://www.akc.org/dog-breeds/yorkshire-terrier/,https://dogtime.com/dog-breeds/yorkshire-terrier#/slide/1, , ,https://ja.wikipedia.org/wiki/%E3%83%A8%E3%83%BC%E3%82%AF%E3%82%B7%E3%83%A3%E3%83%BC%E3%83%BB%E3%83%86%E3%83%AA%E3%82%A2,https://www.koinuno-heya.com/syurui/yarawagyou/yorkshire-terrier.html, , ,,,14,6
poster-164,P12005,English Toy Spaniel,イングリッシュトイ スパニエル,,https://en.wikipedia.org/wiki/King_Charles_Spaniel,https://www.akc.org/dog-breeds/english-toy-spaniel/,https://dogtime.com/dog-breeds/english-toy-spaniel#/slide/1, , ,https://ja.wikipedia.org/wiki/%E3%82%AD%E3%83%B3%E3%82%B0%E3%83%BB%E3%83%81%E3%83%A3%E3%83%BC%E3%83%AB%E3%82%BA%E3%83%BB%E3%82%B9%E3%83%91%E3%83%8B%E3%82%A8%E3%83%AB,https://www.koinuno-heya.com/syurui/agyou/english-toy-spaniel.html, , ,,,14,4
poster-165,P12005,Cavalier King Charles Spaniel,キャバリア キング チャールズ スパニエル,,https://en.wikipedia.org/wiki/Cavalier_King_Charles_Spaniel,https://www.akc.org/dog-breeds/cavalier-king-charles-spaniel/,https://dogtime.com/dog-breeds/cavalier-king-charles-spaniel#/slide/1, , ,https://ja.wikipedia.org/wiki/%E3%82%AD%E3%83%A3%E3%83%90%E3%83%AA%E3%82%A2%E3%83%BB%E3%82%AD%E3%83%B3%E3%82%B0%E3%83%BB%E3%83%81%E3%83%A3%E3%83%BC%E3%83%AB%E3%82%BA%E3%83%BB%E3%82%B9%E3%83%91%E3%83%8B%E3%82%A8%E3%83%AB,https://www.koinuno-heya.com/syurui/kagyou/cavalier-king-charles-spaniel.html, , ,,,15,5
poster-166,P12005,Chinese Crested,チャイニーズ クレステッド ドッグ,,https://en.wikipedia.org/wiki/Chinese_Crested_Dog,https://www.akc.org/dog-breeds/chinese-crested/,https://dogtime.com/dog-breeds/chinese-crested#/slide/1, , ,https://ja.wikipedia.org/wiki/%E3%83%81%E3%83%A3%E3%82%A4%E3%83%8B%E3%83%BC%E3%82%BA%E3%83%BB%E3%82%AF%E3%83%AC%E3%82%B9%E3%83%86%E3%83%83%E3%83%89%E3%83%BB%E3%83%89%E3%83%83%E3%82%B0,https://www.koinuno-heya.com/syurui/tagyou/chinese-crested-dog.html, , ,,,15,6
poster-167,P12005,Brussels Griffon,"ブリュッセル グリフォン",,https://en.wikipedia.org/wiki/Griffon_Bruxellois,https://www.akc.org/dog-breeds/brussels-griffon/,https://dogtime.com/dog-breeds/brussels-griffon#/slide/1, , ,https://ja.wikipedia.org/wiki/%E3%83%96%E3%83%AA%E3%83%A5%E3%83%83%E3%82%BB%E3%83%AB%E3%83%BB%E3%82%B0%E3%83%AA%E3%83%95%E3%82%A9%E3%83%B3,https://www.koinuno-heya.com/syurui/hagyou/brussels-griffon.html, , ,,,15,7
poster-168,P12005,Shih Tzu,"シーズー",,https://en.wikipedia.org/wiki/Shih_Tzu,https://www.akc.org/dog-breeds/shih-tzu/,https://dogtime.com/dog-breeds/shih-tzu#/slide/1, , ,https://ja.wikipedia.org/wiki/%E3%82%B7%E3%83%BC%E3%82%BA%E3%83%BC,https://www.koinuno-heya.com/syurui/sagyou/shih-tzu.html, , ,,,14,7
poster-169,P12005,Papillon,"パピヨン",,https://en.wikipedia.org/wiki/Papillon_(dog),https://www.akc.org/dog-breeds/papillon/,https://dogtime.com/dog-breeds/papillon#/slide/1, , ,https://ja.wikipedia.org/wiki/%E3%83%91%E3%83%94%E3%83%A8%E3%83%B3_(%E7%8A%AC),https://www.koinuno-heya.com/syurui/hagyou/papillon.html, , ,,,14,8
poster-170,P12005,Pug,"パグ",,https://en.wikipedia.org/wiki/Pug,https://www.akc.org/dog-breeds/pug/,https://dogtime.com/dog-breeds/pug#/slide/1, , ,https://ja.wikipedia.org/wiki/%E3%83%91%E3%82%B0,https://www.koinuno-heya.com/syurui/hagyou/pug.html, , ,,,14,9
poster-171,P12005,Russkiy Toy,"ロシアン   トイ   テリア",,https://en.wikipedia.org/wiki/Russkiy_Toy,https://www.akc.org/dog-breeds/russian-toy/, , , ,https://ja.wikipedia.org/wiki/%E3%83%AD%E3%82%B7%E3%82%A2%E3%83%B3%E3%83%BB%E3%83%88%E3%82%A4%E3%83%BB%E3%83%86%E3%83%AA%E3%82%A2,https://www.koinuno-heya.com/syurui/yarawagyou/russian-toy-terrier.html, , ,,,15,8
poster-172,P12005,Havanese,"ハバニーズ",,https://en.wikipedia.org/wiki/Havanese_dog,https://www.akc.org/dog-breeds/havanese/,https://dogtime.com/dog-breeds/havanese#/slide/1, , ,https://ja.wikipedia.org/wiki/%E3%83%8F%E3%83%90%E3%83%8B%E3%83%BC%E3%82%BA,https://www.koinuno-heya.com/syurui/hagyou/havanese.html, , ,,,15,9
poster-173,P12005,Japanese Chin,"狆  (ちん)",,https://en.wikipedia.org/wiki/Japanese_Chin,https://www.akc.org/dog-breeds/japanese-chin/,https://dogtime.com/dog-breeds/japanese-chin#/slide/1, , ,https://ja.wikipedia.org/wiki/%E7%8B%86,https://www.koinuno-heya.com/syurui/tagyou/japanese-chin.html, , ,,,15,10