# of Y,bundle #,P22001-1-3,P22002-2-3,P22003-3-3,P22004-1-1,P22005-1-1,P22007-1-1,P22008-1-1,P22009-1-1,P22019-1-1,P22020-1-1,P22027-1-1,P22028-1-1,P22029-1-1,P22030-1-1,P22033-1-1,P22034-1-1,P22035-1-4,P22036-2-4,P22039-1-1,P22040-1-1,P22042-1-3,P22043-2-3,P22044-3-3,P22045-4-5,P22080-1-1 wooden landscape PB,P22056-1-1,P22057-1-1,P22058-1-3,P22059-2-3,P22060-3-3,P22064-1-1,P22065-1-1,P22066-1-1,P22067-1-1,P22071-1-1,,
10500,"BU2+ RANDBETWEEN(1,5)",abstract blue flowers set,abstract blue flowers set,abstract blue flowers set,NY city,new born baby,Blue sea and white houses. Modern art,Horses,Sunset over ocean.,Horse equestrian,Rainy Day,dolphin underwater on ocean background looking at you,Miyakojima island landscape,Fujiyoshida,Cheetah cub,Bamboo Forest,"snorkeling, tahiti","Antique Map of the World by Ortelius, circa 1570","Antique Map of the World by Didier Robert de Vaugondy, circa 1752",Poppy Fields Near Argenteuil,Ginevra De Benci,"Contemporary abstract art, Pisa","Contemporary abstract art, London","Contemporary abstract art, Paris","Animals in clothes, Dog",,chihuahua selfie,Cats taking a selfie,White rose,White rose,White rose,Ukraine,rural landscape,Forest stream brook,Beautiful sunset,baby_dogpuppy,bundle file,room photo
,,4900,4900,4900,4900,4900,4900,4900,4900,4900,4900,4900,4900,4900,4900,4900,4900,4900,4900,4900,4900,4900,4900,4900,4900,4900,4900,4900,4900,4900,4900,4900,4900,4900,4900,4900,,
,V or H,V,V,V,H,H,H,H,H,V,V,H,H,H,V,H,H,H,H,H,V,V,V,V,V,H,H,H,V,V,V,H,H,H,H,H,,
.,tube/bundle,70,70,70,70,70,70,70,70,70,70,70,70,70,70,70,70,70,70,70,70,70,70,70,70,70,70,70,70,70,70,70,70,70,70,70,,
1,1003,P22001-1-3,P22002-2-3,P22003-3-3,P22004-1-1,P22005-1-1,,,,,,,,,,,,,,,,,,,,,,P22057-1-1,,,,P22064-1-1,,,,P22071-1-1,C:\Users\User\Google 雲端硬碟 (jnontoquine@gmail.com)\sensaihonya\bundle,C:\Users\User\Google 雲端硬碟 (jnontoquine@gmail.com)\sensaihonya\bundle\bundle_room_n_promo_photo
2,1004,P22001-1-3,P22002-2-3,P22003-3-3,,,,,,,,P22027-1-1,,,,,,,,P22039-1-1,,,,,,,P22056-1-1,,,,,P22064-1-1,P22065-1-1,,,,,
3,1005,P22001-1-3,P22002-2-3,P22003-3-3,,P22005-1-1,,,,,,P22027-1-1,,,,,,,,P22039-1-1,,,,,,,,,,,,P22064-1-1,P22065-1-1,,,,,
4,1009,P22001-1-3,P22002-2-3,P22003-3-3,,,,P22008-1-1,,,,P22027-1-1,,,,,,,,P22039-1-1,,,,,,,,,,,,P22064-1-1,P22065-1-1,,,,,
5,1011,P22001-1-3,P22002-2-3,P22003-3-3,,,,,,P22019-1-1,,P22027-1-1,,,,,,,,P22039-1-1,,,,,,,,,,,,P22064-1-1,P22065-1-1,,,,,
6,1016,P22001-1-3,P22002-2-3,P22003-3-3,,,,,,,,P22027-1-1,,,,,,,,P22039-1-1,,,,,,,,,,,,P22064-1-1,P22065-1-1,,,P22071-1-1,,
7,1021,P22001-1-3,P22002-2-3,P22003-3-3,,,,,,,,P22027-1-1,,,,,,,,P22039-1-1,,,,,,,,,,,,P22064-1-1,P22065-1-1,P22066-1-1,,,,
8,1025,P22001-1-3,P22002-2-3,P22003-3-3,,,,,,,,P22027-1-1,P22028-1-1,,,,,,,P22039-1-1,,,,,P22045-4-5,,,,,,,P22064-1-1,,,,,,
9,1028,P22001-1-3,P22002-2-3,P22003-3-3,,,,,,P22019-1-1,,P22027-1-1,P22028-1-1,,,,,,,P22039-1-1,,,,,,,,,,,,P22064-1-1,,,,,,
10,1030,P22001-1-3,P22002-2-3,P22003-3-3,,,,,,P22019-1-1,,,P22028-1-1,,,,,,,P22039-1-1,,,,,P22045-4-5,,,,,,,P22064-1-1,,,,,,
11,1032,,,,,,,,,P22019-1-1,,,P22028-1-1,,,,,,,P22039-1-1,,P22042-1-3,P22043-2-3,P22044-3-3,P22045-4-5,,,,,,,,P22065-1-1,,,,,
12,1033,,,,,,,,P22009-1-1,P22019-1-1,,,P22028-1-1,,,,,,,,,P22042-1-3,P22043-2-3,P22044-3-3,P22045-4-5,,,,,,,,P22065-1-1,,,,,
13,1036,,,,,,,P22008-1-1,P22009-1-1,,,,P22028-1-1,,,,P22034-1-1,,,,,P22042-1-3,P22043-2-3,P22044-3-3,P22045-4-5,,,,,,,,,,,,,
14,1039,,,,,,,,P22009-1-1,P22019-1-1,,,P22028-1-1,,,,P22034-1-1,,,,,P22042-1-3,P22043-2-3,P22044-3-3,,,P22056-1-1,,,,,,,,,,,
15,1041,,,,,,,P22008-1-1,P22009-1-1,,,,P22028-1-1,,,,P22034-1-1,,,,,P22042-1-3,P22043-2-3,P22044-3-3,,,P22056-1-1,,,,,,,,,,,
16,1043,,,,,,,,P22009-1-1,,,,P22028-1-1,P22029-1-1,,,P22034-1-1,,,,,P22042-1-3,P22043-2-3,P22044-3-3,,,,,,,,,,,,P22071-1-1,,
17,1044,,,,,,,,P22009-1-1,,,,P22028-1-1,,,P22033-1-1,P22034-1-1,,,,,P22042-1-3,P22043-2-3,P22044-3-3,,,,,,,,,,,,P22071-1-1,,
18,1049,,,,,,,,,,P22020-1-1,,,P22029-1-1,,,P22034-1-1,,,,,P22042-1-3,P22043-2-3,P22044-3-3,P22045-4-5,,,,,,,,,,,P22071-1-1,,
19,1050,,,,,,,,,,P22020-1-1,,,P22029-1-1,,,P22034-1-1,,,,,P22042-1-3,P22043-2-3,P22044-3-3,,,,,,,,,P22065-1-1,P22066-1-1,,,,
20,1054,,,,,,,,,,P22020-1-1,,,P22029-1-1,,,P22034-1-1,,,,P22040-1-1,P22042-1-3,P22043-2-3,P22044-3-3,,,,,,,,,P22065-1-1,,,,,
21,1058,,,,,,,,,,P22020-1-1,,,P22029-1-1,,,,,,,P22040-1-1,,,,,,,,P22058-1-3,P22059-2-3,P22060-3-3,,,P22066-1-1,P22067-1-1,,,
22,1062,,,,,,,,,,P22020-1-1,,,P22029-1-1,,,,,,,,,,,,P22080-1-1 wooden landscape PB,P22056-1-1,,P22058-1-3,P22059-2-3,P22060-3-3,,,,P22067-1-1,,,
23,1063,,,,,,,P22008-1-1,,,P22020-1-1,,,P22029-1-1,,,,,,,,,,,,,P22056-1-1,,P22058-1-3,P22059-2-3,P22060-3-3,,,,P22067-1-1,,,
24,1068,,,,,P22005-1-1,,,,,P22020-1-1,,,P22029-1-1,P22030-1-1,,,,,,,,,,,,P22056-1-1,,P22058-1-3,P22059-2-3,P22060-3-3,,,,,,,
25,1070,,,,,P22005-1-1,,,,,P22020-1-1,,,,,,,P22035-1-4,P22036-2-4,,,,,,,,P22056-1-1,,P22058-1-3,P22059-2-3,P22060-3-3,,,,,,,
26,1072,,,,,,,P22008-1-1,,,P22020-1-1,,,P22029-1-1,,P22033-1-1,,,,,,,,,,P22080-1-1 wooden landscape PB,,,P22058-1-3,P22059-2-3,P22060-3-3,,,,,,,
27,1073,,,,,,,P22008-1-1,,,P22020-1-1,,,,P22030-1-1,P22033-1-1,,,,,,,,,,P22080-1-1 wooden landscape PB,,,P22058-1-3,P22059-2-3,P22060-3-3,,,,,,,
28,1076,,,,,,,P22008-1-1,,,,,,,,,,P22035-1-4,P22036-2-4,,,,,,,P22080-1-1 wooden landscape PB,,,P22058-1-3,P22059-2-3,P22060-3-3,,,,,P22071-1-1,,
29,1079,,,,P22004-1-1,,,,,,,P22027-1-1,,,P22030-1-1,,,,,,,,,,,P22080-1-1 wooden landscape PB,,,P22058-1-3,P22059-2-3,P22060-3-3,,,,,P22071-1-1,,
30,1081,,,,P22004-1-1,,,,,,,,,,P22030-1-1,,,P22035-1-4,P22036-2-4,,,,,,,P22080-1-1 wooden landscape PB,,,,,,,,P22066-1-1,P22067-1-1,P22071-1-1,,
31,1083,,,,,,P22007-1-1,,,,,P22027-1-1,,,P22030-1-1,,,P22035-1-4,P22036-2-4,,,,,,,P22080-1-1 wooden landscape PB,,,,,,,,P22066-1-1,,P22071-1-1,,
32,1085,,,,P22004-1-1,,,,,,P22020-1-1,P22027-1-1,,,,,,P22035-1-4,P22036-2-4,,,,,,,,P22056-1-1,,,,,,,P22066-1-1,,P22071-1-1,,
33,1089,,,,P22004-1-1,,P22007-1-1,,,P22019-1-1,,,,,P22030-1-1,,,P22035-1-4,P22036-2-4,,P22040-1-1,,,,,,,,,,,,,,P22067-1-1,,,
34,1093,,,,P22004-1-1,,P22007-1-1,,,P22019-1-1,,P22027-1-1,,,P22030-1-1,,,,,,P22040-1-1,,,,,,,P22057-1-1,,,,,,,P22067-1-1,,,
35,1097,,,,P22004-1-1,,P22007-1-1,P22008-1-1,P22009-1-1,P22019-1-1,,,,,,P22033-1-1,,,,,P22040-1-1,,,,,,,,,,,,,,P22067-1-1,,,
36,1098,,,,,,P22007-1-1,P22008-1-1,P22009-1-1,P22019-1-1,,,,,,P22033-1-1,,,,,P22040-1-1,,,,,,,P22057-1-1,,,,,,,P22067-1-1,,,
37,1103,,,,,,P22007-1-1,,P22009-1-1,,,,,P22029-1-1,,P22033-1-1,,P22035-1-4,P22036-2-4,,P22040-1-1,,,,,,,P22057-1-1,,,,,,,,,,
38,1107,,,,,,P22007-1-1,,P22009-1-1,,,,,,,P22033-1-1,,P22035-1-4,P22036-2-4,,P22040-1-1,,,,P22045-4-5,,,P22057-1-1,,,,,,,,,,
39,1111,,,,,P22005-1-1,P22007-1-1,,,,P22020-1-1,,,,,,,P22035-1-4,P22036-2-4,,P22040-1-1,,,,P22045-4-5,,,P22057-1-1,,,,,,,,,,
40,1113,,,,,P22005-1-1,P22007-1-1,,,,,,,,P22030-1-1,P22033-1-1,,,,,P22040-1-1,,,,P22045-4-5,P22080-1-1 wooden landscape PB,,P22057-1-1,,,,,,,,,,
41,1117,,,,,P22005-1-1,P22007-1-1,P22008-1-1,,,,,,,,P22033-1-1,,,,,,,,,P22045-4-5,P22080-1-1 wooden landscape PB,P22056-1-1,P22057-1-1,,,,,,,,,,
42,1118,,,,P22004-1-1,P22005-1-1,,P22008-1-1,,,,,,,,,,P22035-1-4,P22036-2-4,,,,,,,,,,P22058-1-3,P22059-2-3,P22060-3-3,,,,,,,
43,1123,,,,P22004-1-1,P22005-1-1,,P22008-1-1,,,,,,,P22030-1-1,,,,,,,,,,,P22080-1-1 wooden landscape PB,P22056-1-1,P22057-1-1,,,,,,P22066-1-1,,,,
44,1124,,,,P22004-1-1,P22005-1-1,,P22008-1-1,,,,,,,P22030-1-1,,,,,,P22040-1-1,,,,,,P22056-1-1,P22057-1-1,,,,,,P22066-1-1,,,,
45,1125,P22001-1-3,P22002-2-3,P22003-3-3,,,,,P22009-1-1,P22019-1-1,,,,,,,P22034-1-1,,,,,,,,,,,,,,,,,P22066-1-1,P22067-1-1,,,
46,1126,P22001-1-3,P22002-2-3,P22003-3-3,,,,,P22009-1-1,,,,,,,,,,,,,,,,P22045-4-5,,,P22057-1-1,,,,,,P22066-1-1,P22067-1-1,,,
47,1128,P22001-1-3,P22002-2-3,P22003-3-3,,,,,P22009-1-1,P22019-1-1,P22020-1-1,P22027-1-1,,,,,,,,,,,,,,P22080-1-1 wooden landscape PB,,,,,,,,,,,,
48,1129,P22001-1-3,P22002-2-3,P22003-3-3,P22004-1-1,P22005-1-1,P22007-1-1,,P22009-1-1,,,,,,,P22033-1-1,,,,,,,,,,,,,,,,,,,,,,
49,1133,P22001-1-3,P22002-2-3,P22003-3-3,P22004-1-1,P22005-1-1,,,P22009-1-1,P22019-1-1,,,P22028-1-1,,,,,,,,,,,,,,,,,,,,,,,,,
50,1134,P22001-1-3,P22002-2-3,P22003-3-3,,,,P22008-1-1,P22009-1-1,P22019-1-1,P22020-1-1,P22027-1-1,,,,,,,,,,,,,,,,,,,,,,,,,,
51,1138,,,,P22004-1-1,,P22007-1-1,P22008-1-1,,,,,,P22029-1-1,P22030-1-1,,,,,,,,,,,,,,P22058-1-3,P22059-2-3,P22060-3-3,,,,,,,
52,1143,,,,P22004-1-1,P22005-1-1,,,,,,,P22028-1-1,P22029-1-1,P22030-1-1,,,,,,,,,,,,,,P22058-1-3,P22059-2-3,P22060-3-3,,,,,,,
53,1147,,,,,,,P22008-1-1,,,P22020-1-1,P22027-1-1,P22028-1-1,P22029-1-1,P22030-1-1,,,P22035-1-4,P22036-2-4,,,,,,,,,,,,,,,,,,,
54,1150,,,,,,,,,,,P22027-1-1,P22028-1-1,P22029-1-1,P22030-1-1,P22033-1-1,,P22035-1-4,P22036-2-4,P22039-1-1,,,,,,,,,,,,,,,,,,
55,1154,,,,,,,,,,,,P22028-1-1,P22029-1-1,P22030-1-1,P22033-1-1,P22034-1-1,P22035-1-4,P22036-2-4,,,,,,P22045-4-5,,,,,,,,,,,,,
56,1155,,,,P22004-1-1,P22005-1-1,,,,,,,P22028-1-1,P22029-1-1,P22030-1-1,,,P22035-1-4,P22036-2-4,,,,,,P22045-4-5,,,,,,,,,,,,,
57,1160,,,,,P22005-1-1,,,,,P22020-1-1,,,,,,P22034-1-1,,,,,P22042-1-3,P22043-2-3,P22044-3-3,,P22080-1-1 wooden landscape PB,P22056-1-1,,,,,,,,,,,
58,1164,,,,,,,,,P22019-1-1,,,,,,P22033-1-1,P22034-1-1,,,P22039-1-1,P22040-1-1,P22042-1-3,P22043-2-3,P22044-3-3,,,,,,,,,,,,,,
59,1169,,,,,,,,,P22019-1-1,,,,,,,P22034-1-1,,,P22039-1-1,P22040-1-1,P22042-1-3,P22043-2-3,P22044-3-3,,,,,,,,,,,,P22071-1-1,,
60,1174,,,,,,,,,,,,,,,P22033-1-1,P22034-1-1,P22035-1-4,P22036-2-4,,,P22042-1-3,P22043-2-3,P22044-3-3,,,,,,,,,,,,P22071-1-1,,
61,1179,,,,,,P22007-1-1,,,,,,,,,P22033-1-1,P22034-1-1,,,,,P22042-1-3,P22043-2-3,P22044-3-3,,,,,,,,P22064-1-1,P22065-1-1,,,,,
62,1182,,,,P22004-1-1,,,,,,,,,,,,,,,P22039-1-1,P22040-1-1,P22042-1-3,P22043-2-3,P22044-3-3,,,,,,,,,,P22066-1-1,P22067-1-1,,,
63,1185,,,,,,P22007-1-1,,,,,,,,,,,P22035-1-4,P22036-2-4,,,,,,P22045-4-5,P22080-1-1 wooden landscape PB,,,,,,P22064-1-1,P22065-1-1,P22066-1-1,,,,
64,1190,,,,,,P22007-1-1,,,,,,,,,P22033-1-1,P22034-1-1,,,,,,,,P22045-4-5,P22080-1-1 wooden landscape PB,,,,,,P22064-1-1,P22065-1-1,P22066-1-1,,,,
65,1194,,,,,,,,,,,,,,,,,,,P22039-1-1,P22040-1-1,,,,,P22080-1-1 wooden landscape PB,P22056-1-1,,,,,P22064-1-1,P22065-1-1,,P22067-1-1,P22071-1-1,,
66,1199,,,,,,,,,,,,,,,,,,,,,,,,P22045-4-5,P22080-1-1 wooden landscape PB,P22056-1-1,P22057-1-1,,,,P22064-1-1,P22065-1-1,,P22067-1-1,P22071-1-1,,
67,1200,,,,,,,,,,,,,,,,,,,,,,,,,,,P22057-1-1,P22058-1-3,P22059-2-3,P22060-3-3,P22064-1-1,P22065-1-1,P22066-1-1,P22067-1-1,,,
68,1205,,,,,,,,,,,,,,,,,,,P22039-1-1,P22040-1-1,,,,,,,P22057-1-1,P22058-1-3,P22059-2-3,P22060-3-3,,,P22066-1-1,P22067-1-1,,,
69,1206,,,,,P22005-1-1,P22007-1-1,,,,,,,,,,,,,,,,,,,,P22056-1-1,P22057-1-1,P22058-1-3,P22059-2-3,P22060-3-3,,,,,P22071-1-1,,
70,1211,,,,,,,,,,,,,,,,,,,,,,,,,,P22056-1-1,P22057-1-1,P22058-1-3,P22059-2-3,P22060-3-3,,,P22066-1-1,P22067-1-1,P22071-1-1,,